19.171593566725917,72.8709901582838,Resale,"2 BHK for sale,
DB woods CHS","Db Woods Chs, Gokuldham Colony, Snehadham, Krishna Vati ...",Pre-verified,Loan Verified,2.3 Crores,Non-negotiable,"1,200",Sq.Ft,1.79 Lacs/Month,Estimated EMI,2 bedrooms,"NA",,Posted On,2 Baths,"NA",Immediately,Possession,1 Balcony,DB woods CHS,Apartment,Age of the Building,3-5 years old,Ownership Type,Self Owned,Maintenance Charges,0.0 per sq.ft/m,Flooring,"NA",Builtup Area,"1,200 sq.ft",Furnishing Status,Unfurnished,Facing,"NA",Floor,Floor 7 / 56,Flats in Building,1,Parking Available,Bike and Car,Power backup,"NA",Water Supply,Both,ff8081816343975a016343a24ca30769
19.220962850002948,72.8294694755325,Resale,"1 BHK for sale,
Shiv Veer","Shiv Veer, Sector 8, Charkop Gaon, Near Mtnl",Pre-verified,Loan Verified,83 Lacs,Negotiable,575,Sq.Ft,64.52 K/Month,Estimated EMI,1 bedrooms,Vitrified Tiles,,Posted On,2 Baths,Vitrified Tiles,Immediately,Possession,1 Balcony,Shiv Veer,Apartment,Age of the Building,5-10 years old,Ownership Type,Self Owned,Maintenance Charges,2.3 per sq.ft/m,Flooring,Vitrified Tiles,Builtup Area,575 sq.ft,Furnishing Status,Semi,Facing,East,Floor,Floor 5 / 7,Flats in Building,0,Parking Available,Bike and Car,Power backup,None,Water Supply,Corporation,ff80818164a363450164a65c8ae74f2c
"Aug 3, 2018 7:06:22 PM",19.033382373805924,72.8626439178372,Resale,"2 BHK for sale,
Sewa Samiti CHS","Sewa Samiti Chs, Near G.t.b.nagar. Bhaji Market.",Pre-verified,Loan Verified,1.82 Crores,Non-negotiable,720,Sq.Ft,1.41 Lacs/Month,Estimated EMI,2 bedrooms,Cement,,Posted On,2 Baths,Cement,Immediately,Possession,1 Balcony,Sewa Samiti CHS,Apartment,Age of the Building,>10 years old,Ownership Type,Self Owned,Maintenance Charges,3.1 per sq.ft/m,Flooring,Cement,Builtup Area,720 sq.ft,Furnishing Status,Semi,Facing,East,Floor,Floor 0 / 6,Flats in Building,0,Parking Available,None,Power backup,Full,Water Supply,Corporation,ff8081815f1afadc015f1b45af8f1dd8
19.207402365801748,72.87834015767214,Resale,"2 BHK for sale,
ng suncity phse 2","Ng Suncity Phse 2, Thakur Village Near Esic Hospital",Pre-verified,Loan Verified,1.55 Crores,Negotiable,890,Sq.Ft,1.2 Lacs/Month,Estimated EMI,2 bedrooms,Vitrified Tiles,,Posted On,2 Baths,Vitrified Tiles,Immediately,Possession,3 Balconies,ng suncity phse 2,Apartment,Age of the Building,>10 years old,Ownership Type,Self Owned,Maintenance Charges,2.8 per sq.ft/m,Flooring,Vitrified Tiles,Builtup Area,890 sq.ft,Furnishing Status,Semi,Facing,"NA",Floor,Floor 12 / 14,Flats in Building,0,Parking Available,Bike and Car,Power backup,"NA",Water Supply,Corporation,ff80818164b68a700164b76a4b8a1281
19.14284712885369,72.93119929084207,Resale,"3 BHK for sale,
Neptune Autumn Hay","Neptune Autumn Hay, Ganesh Nagar Near Matoshri Hall",Pre-verified,Loan Verified,2.05 Crores,Negotiable,"1,100",Sq.Ft,1.59 Lacs/Month,Estimated EMI,3 bedrooms,Vitrified Tiles,,Posted On,2 Baths,Vitrified Tiles,Immediately,Possession,1 Balcony,Neptune Autumn Hay,Apartment,Age of the Building,5-10 years old,Ownership Type,Self Owned,Maintenance Charges,2.7 per sq.ft/m,Flooring,Vitrified Tiles,Builtup Area,"1,100 sq.ft",Furnishing Status,Semi,Facing,North,Floor,Floor 12 / 21,Flats in Building,0,Parking Available,Bike and Car,Power backup,"NA",Water Supply,Corporation,ff80818164b68a700164b7050ad34744
19.078549500000012,72.85580779080738,Resale,"1 BHK for sale,
Devashish chs","Devashish Chs, Hind Nagar,near Orchid Arram Society",Pre-verified,Loan Verified,1.1 Crores,Negotiable,540,Sq.Ft,85.5 K/Month,Estimated EMI,1 bedrooms,Mosaic,,Posted On,1 Bath,Mosaic,Immediately,Possession,0 Balconies,Devashish chs,Apartment,Age of the Building,>10 years old,Ownership Type,Self Owned,Maintenance Charges,1.5 per sq.ft/m,Flooring,Mosaic,Builtup Area,540 sq.ft,Furnishing Status,Unfurnished,Facing,East,Floor,Floor 4 / 4,Flats in Building,1,Parking Available,None,Power backup,None,Water Supply,Corporation,ff80818164caf40f0164cd1dcac417aa
19.066749520963118,72.8787511686478,Resale,"2 BHK for sale,
Ahmed Building","Ahmed Building, Kurla Station Rd, Brahmanwadi, Near Bal ...",Pre-verified,Loan Verified,45 Lacs,Negotiable,715,Sq.Ft,34.98 K/Month,Estimated EMI,2 bedrooms,Marble/Granite,,Posted On,3 Baths,Marble/Granite,Immediately,Possession,0 Balconies,Ahmed Building,Apartment,Age of the Building,>10 years old,Ownership Type,Self Owned,Maintenance Charges,0.1 per sq.ft/m,Flooring,Marble/Granite,Builtup Area,715 sq.ft,Furnishing Status,Semi,Facing,West,Floor,Floor 1 / 2,Flats in Building,3,Parking Available,None,Power backup,None,Water Supply,Corporation,ff80818164caf40f0164cc5c6b0e6422
19.17343903,72.94037628,Resale,"3 BHK for sale,
Enigma and Eternia","Enigma And Eternia, Main Lbs Marg, Near Johnson",Pre-verified,Loan Verified,2.85 Crores,Negotiable,"1,450",Sq.Ft,2.22 Lacs/Month,Estimated EMI,3 bedrooms,Marble/Granite,,Posted On,2 Baths,Marble/Granite,Immediately,Possession,0 Balconies,Enigma and Eternia,Apartment,Age of the Building,Newly Constructed,Ownership Type,Self Owned,Maintenance Charges,0.0 per sq.ft/m,Flooring,Marble/Granite,Builtup Area,"1,450 sq.ft",Furnishing Status,Unfurnished,Facing,North,Floor,Floor 15 / 66,Flats in Building,1,Parking Available,Car,Power backup,"NA",Water Supply,Both,ff80818160ea556b0160f8bf3ac12574
19.0908063,72.9076669,Resale,"1 RK for sale,
Unity apartment","Unity Apartment, R City Mall",Pre-verified,Loan Verified,58 Lacs,Non-negotiable,380,Sq.Ft,45.08 K/Month,Estimated EMI,1 bedrooms,Cement,,Posted On,1 Bath,Cement,Immediately,Possession,0 Balconies,Unity apartment,Apartment,Age of the Building,>10 years old,Ownership Type,Self Owned,Maintenance Charges,0.0 per sq.ft/m,Flooring,Cement,Builtup Area,380 sq.ft,Furnishing Status,Semi,Facing,East,Floor,Floor 3 / 4,Flats in Building,0,Parking Available,Bike and Car,Power backup,Full,Water Supply,Both,ff8081816468d2390164697e22597fe4
19.1849626,72.83989329999997,Resale,"1 BHK for sale,
Nutan ayojan nagar","Nutan Ayojan Nagar, Nsc Colony, Near Amit Dairy",Pre-verified,Loan Verified,96 Lacs,Negotiable,435,Sq.Ft,74.62 K/Month,Estimated EMI,1 bedrooms,Vitrified Tiles,,Posted On,1 Bath,Vitrified Tiles,Immediately,Possession,0 Balconies,Nutan ayojan nagar,Apartment,Age of the Building,>10 years old,Ownership Type,Self Owned,Maintenance Charges,3.7 per sq.ft/m,Flooring,Vitrified Tiles,Builtup Area,435 sq.ft,Furnishing Status,Full,Facing,North,Floor,Floor 4 / 4,Flats in Building,0,Parking Available,Bike and Car,Power backup,"NA",Water Supply,Corporation,ff80818164b68a700164b78668a6257d
19.0998408,72.85350240000002,Resale,"2 BHK for sale,
vireshwar sneh","Vireshwar Sneh, Dixit Rd Satsang Chsl, Park Road Near S ...",Pre-verified,Loan Verified,1.9 Crores,Negotiable,680,Sq.Ft,1.48 Lacs/Month,Estimated EMI,2 bedrooms,Vitrified Tiles,,Posted On,2 Baths,Vitrified Tiles,Immediately,Possession,1 Balcony,vireshwar sneh,Apartment,Age of the Building,>10 years old,Ownership Type,Self Owned,Maintenance Charges,2.9 per sq.ft/m,Flooring,Vitrified Tiles,Builtup Area,680 sq.ft,Furnishing Status,Semi,Facing,West,Floor,Floor 1 / 4,Flats in Building,0,Parking Available,Bike and Car,Power backup,"NA",Water Supply,Corporation,ff80818164b68a700164b77e44091fd2
19.1385623,72.8358317,Resale,"2 BHK for sale,
Pramukh Heights","Pramukh Heights, Veera Desai Road, Andheri West, Mumbai",Pre-verified,Loan Verified,2.1 Crores,Negotiable,"1,185",Sq.Ft,1.63 Lacs/Month,Estimated EMI,2 bedrooms,Vitrified Tiles,,Posted On,2 Baths,Vitrified Tiles,Immediately,Possession,1 Balcony,Pramukh Heights,Apartment,Age of the Building,5-10 years old,Ownership Type,Self Owned,Maintenance Charges,5.1 per sq.ft/m,Flooring,Vitrified Tiles,Builtup Area,"1,185 sq.ft",Furnishing Status,Semi,Facing,East,Floor,Floor 4 / 18,Flats in Building,0,Parking Available,Car,Power backup,Partial,Water Supply,Both,ff80818164b68a700164b7f690e66f56
19.09411888431601,72.85056070688483,Resale,"1 BHK for sale,
vasanth smruthi","Vasanth Smruthi, Nanda Patkar Road Near Rane Hospital",Pre-verified,Loan Verified,1.65 Crores,Negotiable,465,Sq.Ft,1.28 Lacs/Month,Estimated EMI,1 bedrooms,Vitrified Tiles,,Posted On,2 Baths,Vitrified Tiles,Immediately,Possession,0 Balconies,vasanth smruthi,Apartment,Age of the Building,>10 years old,Ownership Type,Self Owned,Maintenance Charges,3.2 per sq.ft/m,Flooring,Vitrified Tiles,Builtup Area,465 sq.ft,Furnishing Status,Full,Facing,North-East,Floor,Floor 2 / 7,Flats in Building,0,Parking Available,Bike,Power backup,"NA",Water Supply,Corporation,ff80818164b68a700164b79fb738360a
19.086711164850826,72.82718400031649,Resale,"2 BHK for sale,
Eva CHS","Eva Chs, High Tide Building Near Millionaire",Pre-verified,Loan Verified,3.5 Crores,Negotiable,610,Sq.Ft,2.72 Lacs/Month,Estimated EMI,2 bedrooms,Marble/Granite,,Posted On,2 Baths,Marble/Granite,Immediately,Possession,1 Balcony,Eva CHS,Apartment,Age of the Building,>10 years old,Ownership Type,Self Owned,Maintenance Charges,3.3 per sq.ft/m,Flooring,Marble/Granite,Builtup Area,610 sq.ft,Furnishing Status,Unfurnished,Facing,North,Floor,Floor 1 / 3,Flats in Building,0,Parking Available,Bike and Car,Power backup,"NA",Water Supply,Corporation,ff80818164b68a700164b822d9d105c5
18.95654334537553,72.83493761350917,Resale,"1 BHK for sale,
Rahmaniya Castle","Rahmaniya Castle, Tandel St, Near Peer Bawa Haji Abdur ...",Pre-verified,Loan Verified,1.5 Crores,Negotiable,650,Sq.Ft,1.17 Lacs/Month,Estimated EMI,1 bedrooms,Marble/Granite,,Posted On,1 Bath,Marble/Granite,Immediately,Possession,0 Balconies,Rahmaniya Castle,Apartment,Age of the Building,1-3 years old,Ownership Type,Self Owned,Maintenance Charges,5.1 per sq.ft/m,Flooring,Marble/Granite,Builtup Area,650 sq.ft,Furnishing Status,Unfurnished,Facing,West,Floor,Floor 21 / 23,Flats in Building,92,Parking Available,Bike,Power backup,Partial,Water Supply,Corporation,ff80818164b688f90164b7f2fbdb74ef
19.007919,72.85293179999996,Resale,"2 BHK for sale,
Dnyaneshwar Nagar","Dnyaneshwar Nagar, D.g Mahajani Road, Near Sewri Tb Hos ...",Pre-verified,Loan Verified,3.25 Crores,Negotiable,900,Sq.Ft,2.53 Lacs/Month,Estimated EMI,2 bedrooms,Mosaic,,Posted On,2 Baths,Mosaic,Immediately,Possession,0 Balconies,Dnyaneshwar Nagar,Apartment,Age of the Building,>10 years old,Ownership Type,Self Owned,Maintenance Charges,2.8 per sq.ft/m,Flooring,Mosaic,Builtup Area,900 sq.ft,Furnishing Status,Unfurnished,Facing,East,Floor,Floor 1 / 4,Flats in Building,20,Parking Available,Bike and Car,Power backup,"NA",Water Supply,Corporation,ff8081815d50ae7b015d546808494ac5
19.1154908,72.87269519999995,Resale,"2 BHK for sale,
Muni Suvrat Chaya CHS","Muni Suvrat Chaya Chs, Koldongri, Sahar Road , Abova Ic ...",Pre-verified,Loan Verified,1.8 Crores,Negotiable,700,Sq.Ft,1.4 Lacs/Month,Estimated EMI,2 bedrooms,Cement,,Posted On,2 Baths,Cement,Immediately,Possession,0 Balconies,Muni Suvrat Chaya C,Apartment,Age of the Building,>10 years old,Ownership Type,Self Owned,Maintenance Charges,2.1 per sq.ft/m,Flooring,Cement,Builtup Area,700 sq.ft,Furnishing Status,Full,Facing,East,Floor,Floor 3 / 3,Flats in Building,9,Parking Available,Bike and Car,Power backup,Full,Water Supply,Both,ff80818161c166430161c2188f302e0e
19.200171184629472,72.84958202698363,Resale,"1 BHK for sale,
Amit Vijay HSG Ltd","Amit Vijay Hsg Ltd, Near To Bal Bharati's M J Panchol ...",Pre-verified,Loan Verified,85 Lacs,Negotiable,500,Sq.Ft,66.07 K/Month,Estimated EMI,1 bedrooms,Vitrified Tiles,,Posted On,1 Bath,Vitrified Tiles,Immediately,Possession,0 Balconies,Amit Vijay HSG Ltd,Apartment,Age of the Building,>10 years old,Ownership Type,Self Owned,Maintenance Charges,4.0 per sq.ft/m,Flooring,Vitrified Tiles,Builtup Area,500 sq.ft,Furnishing Status,Unfurnished,Facing,East,Floor,Floor 1 / 4,Flats in Building,3,Parking Available,Bike and Car,Power backup,"NA",Water Supply,Both,ff80818164b1fe850164b204df7e0447
19.125051030019645,72.83616426627043,Resale,"1 RK for sale,
Shiv Chayya Chs","Shiv Chayya Chs, New Dadabhai Nagar Rd Near Bhavan's Co ...",Pre-verified,Loan Verified,70 Lacs,Negotiable,345,Sq.Ft,54.41 K/Month,Estimated EMI,1 bedrooms,Vitrified Tiles,,Posted On,2 Baths,Vitrified Tiles,Immediately,Possession,1 Balcony,Shiv Chayya Chs,Apartment,Age of the Building,>10 years old,Ownership Type,Self Owned,Maintenance Charges,0.0 per sq.ft/m,Flooring,Vitrified Tiles,Builtup Area,345 sq.ft,Furnishing Status,Unfurnished,Facing,East,Floor,Floor 3 / 4,Flats in Building,20,Parking Available,Bike and Car,Power backup,Full,Water Supply,Both,ff80818164c153de0164c306e2b4212d
19.140020377838074,72.8254335484794,Resale,"1 BHK for sale,
Undisclosed","Undisclosed, Lokhandwala Complex, Near Swami Samarth Temple",Pre-verified,Loan Verified,1.15 Crores,Non-negotiable,420,Sq.Ft,89.39 K/Month,Estimated EMI,1 bedrooms,Vitrified Tiles,,Posted On,1 Bath,Vitrified Tiles,Immediately,Possession,0 Balconies,Undisclosed,Apartment,Age of the Building,>10 years old,Ownership Type,Self Owned,Maintenance Charges,4.8 per sq.ft/m,Flooring,Vitrified Tiles,Builtup Area,420 sq.ft,Furnishing Status,Semi,Facing,North,Floor,Floor 3 / 4,Flats in Building,0,Parking Available,Bike and Car,Power backup,"NA",Water Supply,Both,ff8081815c6cf024015c6d16a6ae1141
19.176192433813164,72.84758587913325,Resale,"1 BHK for sale,
Pawansut CHS","Pawansut Chs, Liliya Nagar, Near Witty International Sc ...",Pre-verified,Loan Verified,68 Lacs,Negotiable,600,Sq.Ft,52.86 K/Month,Estimated EMI,1 bedrooms,Vitrified Tiles,,Posted On,1 Bath,Vitrified Tiles,Immediately,Possession,1 Balcony,Pawansut CHS,Apartment,Age of the Building,>10 years old,Ownership Type,Self Owned,Maintenance Charges,1.8 per sq.ft/m,Flooring,Vitrified Tiles,Builtup Area,600 sq.ft,Furnishing Status,Semi,Facing,East,Floor,Floor 4 / 4,Flats in Building,0,Parking Available,Bike and Car,Power backup,"NA",Water Supply,Both,ff808181615af71b01615b1041d60eaa
19.2364109,72.87172910000004,Resale,"1 BHK for sale,
Bharadwaj tower, rushi o","Bharadwaj Tower, Rushi One, Abhinav Nagar, Near La-bell ...",Pre-verified,Loan Verified,65 Lacs,Negotiable,600,Sq.Ft,50.53 K/Month,Estimated EMI,1 bedrooms,Vitrified Tiles,,Posted On,1 Bath,Vitrified Tiles,Immediately,Possession,0 Balconies,"Bharadwaj tower, ru",Apartment,Age of the Building,>10 years old,Ownership Type,Self Owned,Maintenance Charges,4.2 per sq.ft/m,Flooring,Vitrified Tiles,Builtup Area,600 sq.ft,Furnishing Status,Unfurnished,Facing,West,Floor,Floor 2 / 13,Flats in Building,0,Parking Available,Bike and Car,Power backup,Full,Water Supply,Corporation,ff8081816271298c01627154f5961c26
19.152230916309147,72.84070613254084,Resale,"1 BHK for sale,
shivam heights","Shivam Heights, Best Nagar,near Radius Developers Imper ...",Pre-verified,Loan Verified,95 Lacs,Non-negotiable,530,Sq.Ft,73.84 K/Month,Estimated EMI,1 bedrooms,Vitrified Tiles,,Posted On,1 Bath,Vitrified Tiles,Immediately,Possession,1 Balcony,shivam heights,Apartment,Age of the Building,Newly Constructed,Ownership Type,Self Owned,Maintenance Charges,3.8 per sq.ft/m,Flooring,Vitrified Tiles,Builtup Area,530 sq.ft,Furnishing Status,Full,Facing,West,Floor,Floor 2 / 10,Flats in Building,0,Parking Available,Bike and Car,Power backup,"NA",Water Supply,Both,ff80818164b1fe850164b287137863a2
19.194870495694268,72.83642115396731,Resale,"2 BHK for sale,
prathmesh harmony","Prathmesh Harmony, Orlem, Near St. Joseph's School",Pre-verified,Loan Verified,1.75 Crores,Non-negotiable,986,Sq.Ft,1.36 Lacs/Month,Estimated EMI,2 bedrooms,"NA",,Posted On,2 Baths,"NA",Immediately,Possession,2 Balconies,prathmesh harmony,Apartment,Age of the Building,>10 years old,Ownership Type,Self Owned,Maintenance Charges,0.0 per sq.ft/m,Flooring,"NA",Builtup Area,986 sq.ft,Furnishing Status,Semi,Facing,"NA",Floor,Floor 5 / 11,Flats in Building,1,Parking Available,Bike,Power backup,"NA",Water Supply,Both,ff808181648968a2016489d845a24165
19.14870453,72.93144226,Resale,"2 BHK for sale,
Crosswinds","Crosswinds, Drakshbag, Jangal Mangal Road, Near Saaz Th ...",Pre-verified,Loan Verified,2 Crores,Negotiable,900,Sq.Ft,1.55 Lacs/Month,Estimated EMI,2 bedrooms,Marble/Granite,,Posted On,3 Baths,Marble/Granite,Immediately,Possession,3 Balconies,Crosswinds,Apartment,Age of the Building,3-5 years old,Ownership Type,Self Owned,Maintenance Charges,4.4 per sq.ft/m,Flooring,Marble/Granite,Builtup Area,900 sq.ft,Furnishing Status,Full,Facing,"NA",Floor,Floor 23 / 24,Flats in Building,1,Parking Available,Bike and Car,Power backup,Full,Water Supply,Borewell,ff8081815b43d3f5015b4696ad4a3ec0
"Aug 4, 2018 6:09:21 PM",19.100045560910903,72.91602266864777,Resale,"4 BHK for sale,
Promonate 3","Promonate 3, Amrut Nagar, Near R City Mall",Pre-verified,Loan Verified,4.5 Crores,Non-negotiable,"2,000",Sq.Ft,3.5 Lacs/Month,Estimated EMI,4 bedrooms,Vitrified Tiles,,Posted On,4 Baths,Vitrified Tiles,Immediately,Possession,2 Balconies,Promonate 3,Apartment,Age of the Building,Newly Constructed,Ownership Type,Self Owned,Maintenance Charges,13.0 per sq.ft/m,Flooring,Vitrified Tiles,Builtup Area,"2,000 sq.ft",Furnishing Status,Unfurnished,Facing,"NA",Floor,Floor 16 / 22,Flats in Building,0,Parking Available,Bike and Car,Power backup,"NA",Water Supply,Corporation,ff80818164a2e4cd0164a3428cb942f1
19.145986897696826,72.84654442883607,Resale,"1 BHK for sale,
Shreepal","Shreepal, Near Sara Fashion",Pre-verified,Loan Verified,80 Lacs,Non-negotiable,700,Sq.Ft,62.19 K/Month,Estimated EMI,1 bedrooms,Vitrified Tiles,,Posted On,1 Bath,Vitrified Tiles,Immediately,Possession,1 Balcony,Shreepal,Apartment,Age of the Building,>10 years old,Ownership Type,Self Owned,Maintenance Charges,1.4 per sq.ft/m,Flooring,Vitrified Tiles,Builtup Area,700 sq.ft,Furnishing Status,Semi,Facing,"NA",Floor,Floor 4 / 4,Flats in Building,0,Parking Available,Bike and Car,Power backup,"NA",Water Supply,Corporation,ff8081815d652fb6015d65837e4d22e9
19.24391199999999,72.86491360000002,Resale,"1 RK for sale,
Raj lok CHS","Raj Lok Chs, Ovaripada, Near Samarth Automobiles And Fi ...",Pre-verified,Loan Verified,53 Lacs,Negotiable,325,Sq.Ft,41.2 K/Month,Estimated EMI,1 bedrooms,Vitrified Tiles,,Posted On,1 Bath,Vitrified Tiles,Immediately,Possession,1 Balcony,Raj lok CHS,Apartment,Age of the Building,>10 years old,Ownership Type,Self Owned,Maintenance Charges,0.0 per sq.ft/m,Flooring,Vitrified Tiles,Builtup Area,325 sq.ft,Furnishing Status,Full,Facing,West,Floor,Floor 2 / 4,Flats in Building,0,Parking Available,Bike and Car,Power backup,None,Water Supply,Corporation,ff808181646501630164655aef373f65
19.139993715824687,72.82515546560671,Resale,"1 RK for sale,
Apna ghar","Apna Ghar, Swami Samarth Nagar, Near Lokhandwala Circle",Pre-verified,Loan Verified,1.1 Crores,Negotiable,300,Sq.Ft,85.5 K/Month,Estimated EMI,1 bedrooms,Vitrified Tiles,,Posted On,1 Bath,Vitrified Tiles,Immediately,Possession,0 Balconies,Apna ghar,Apartment,Age of the Building,>10 years old,Ownership Type,Self Owned,Maintenance Charges,4.4 per sq.ft/m,Flooring,Vitrified Tiles,Builtup Area,300 sq.ft,Furnishing Status,Semi,Facing,"NA",Floor,Floor 0 / 4,Flats in Building,172,Parking Available,Bike and Car,Power backup,Full,Water Supply,Corporation,ff8081816494149201649815ffaa4309
19.083712104399854,72.90036699999996,Resale,"1 RK for sale,
karma kiran chs","Karma Kiran Chs, Near Jaya Apartment",Pre-verified,Loan Verified,61 Lacs,Negotiable,360,Sq.Ft,47.42 K/Month,Estimated EMI,1 bedrooms,Marble/Granite,,Posted On,1 Bath,Marble/Granite,Immediately,Possession,1 Balcony,karma kiran chs,Apartment,Age of the Building,Newly Constructed,Ownership Type,Self Owned,Maintenance Charges,2.8 per sq.ft/m,Flooring,Marble/Granite,Builtup Area,360 sq.ft,Furnishing Status,Full,Facing,South,Floor,Floor 7 / 8,Flats in Building,0,Parking Available,Bike and Car,Power backup,"NA",Water Supply,Corporation,ff808181648968a201648cc6f9683c7c
19.1693103,72.87201139999999,Resale,"1 BHK for sale,
Conwood Astoria","Conwood Astoria, Goregaon East,mumbai.",Pre-verified,Loan Verified,1.1 Crores,Negotiable,450,Sq.Ft,85.5 K/Month,Estimated EMI,1 bedrooms,Vitrified Tiles,,Posted On,2 Baths,Vitrified Tiles,Immediately,Possession,3 Balconies,Conwood Astoria,Apartment,Age of the Building,1-3 years old,Ownership Type,Self Owned,Maintenance Charges,0.0 per sq.ft/m,Flooring,Vitrified Tiles,Builtup Area,450 sq.ft,Furnishing Status,Semi,Facing,West,Floor,Floor 0 / 22,Flats in Building,0,Parking Available,Bike and Car,Power backup,Full,Water Supply,Both,ff808181644adac301644af001fc1071
19.1405116,72.84215549999999,Resale,"2 BHK for sale,
Camps Landmark","Camps Landmark, Caesar Road, Near St.blaise Church",Pre-verified,Loan Verified,1.3 Crores,Negotiable,825,Sq.Ft,1.01 Lacs/Month,Estimated EMI,2 bedrooms,Vitrified Tiles,,Posted On,2 Baths,Vitrified Tiles,Immediately,Possession,2 Balconies,Camps Landmark,Apartment,Age of the Building,Under Construction,Ownership Type,Self Owned,Maintenance Charges,0.0 per sq.ft/m,Flooring,Vitrified Tiles,Builtup Area,825 sq.ft,Furnishing Status,Unfurnished,Facing,South,Floor,Floor 6 / 7,Flats in Building,0,Parking Available,Bike,Power backup,"NA",Water Supply,Both,ff808181629564ba01629a0e13315d2e
19.09801865,72.9201355,Resale,"2 BHK for sale,
Promenade","Promenade, Lbs Marg, Opp R-city Mall, Ghatkopar (w), Mumbai",Pre-verified,Loan Verified,1.95 Crores,Negotiable,"1,100",Sq.Ft,1.52 Lacs/Month,Estimated EMI,2 bedrooms,Vitrified Tiles,,Posted On,2 Baths,Vitrified Tiles,Immediately,Possession,1 Balcony,Promenade,Apartment,Age of the Building,Under Construction,Ownership Type,Self Owned,Maintenance Charges,5.5 per sq.ft/m,Flooring,Vitrified Tiles,Builtup Area,"1,100 sq.ft",Furnishing Status,Unfurnished,Facing,East,Floor,Floor 14 / 22,Flats in Building,1,Parking Available,Car,Power backup,"NA",Water Supply,Corporation,ff808181619855c2016199658aa443f2
19.195639152002787,72.86771788002807,Resale,"1 BHK for sale,
godrej tranquil","Godrej Tranquil, Near Vikash Emporium",Pre-verified,Loan Verified,1 Crore,Negotiable,427,Sq.Ft,77.73 K/Month,Estimated EMI,1 bedrooms,Vitrified Tiles,,Posted On,2 Baths,Vitrified Tiles,01-Jun-2022,Possession,0 Balconies,godrej tranquil,Apartment,Age of the Building,Under Construction,Ownership Type,Self Owned,Maintenance Charges,0.0 per sq.ft/m,Flooring,Vitrified Tiles,Builtup Area,427 sq.ft,Furnishing Status,Unfurnished,Facing,South,Floor,Floor 12 / 20,Flats in Building,0,Parking Available,Bike and Car,Power backup,"NA",Water Supply,Corporation,ff808181647f5c38016482bc9512495a
19.203419211871438,72.85842607528957,Resale,"1 BHK for sale,
Vedic Height","Vedic Height, Akurli Rd,hanuman Nagar, Near Growel's 101",Pre-verified,Loan Verified,89 Lacs,Negotiable,640,Sq.Ft,69.18 K/Month,Estimated EMI,1 bedrooms,Vitrified Tiles,,Posted On,2 Baths,Vitrified Tiles,Immediately,Possession,0 Balconies,Vedic Height,Apartment,Age of the Building,Newly Constructed,Ownership Type,Self Owned,Maintenance Charges,0.0 per sq.ft/m,Flooring,Vitrified Tiles,Builtup Area,640 sq.ft,Furnishing Status,Semi,Facing,East,Floor,Floor 0 / 19,Flats in Building,0,Parking Available,Bike and Car,Power backup,Full,Water Supply,Corporation,ff80818161a957150161ac8fbcd75f41
19.203124475293137,72.84267603128285,Resale,"3 BHK for sale,
vasant aishwarya chs","Vasant Aishwarya Chs, Irani Wadi, Near Vanjawadi Hall",Pre-verified,Loan Verified,3 Crores,Negotiable,990,Sq.Ft,2.33 Lacs/Month,Estimated EMI,3 bedrooms,Vitrified Tiles,,Posted On,3 Baths,Vitrified Tiles,Immediately,Possession,1 Balcony,vasant aishwarya ch,Apartment,Age of the Building,>10 years old,Ownership Type,Self Owned,Maintenance Charges,3.0 per sq.ft/m,Flooring,Vitrified Tiles,Builtup Area,990 sq.ft,Furnishing Status,Semi,Facing,"NA",Floor,Floor 1 / 8,Flats in Building,0,Parking Available,None,Power backup,Full,Water Supply,Both,ff8081815fca6e46015fcecb3ce634f2
19.1283293,72.85818059999997,Resale,"2 BHK for sale,
Shri Vaastu Siddhi","Shri Vaastu Siddhi, Pump House, Opp-parsi Salsette Colo ...",Pre-verified,Loan Verified,1.68 Crores,Negotiable,880,Sq.Ft,1.31 Lacs/Month,Estimated EMI,2 bedrooms,Vitrified Tiles,,Posted On,2 Baths,Vitrified Tiles,Immediately,Possession,0 Balconies,Shri Vaastu Siddhi,Apartment,Age of the Building,>10 years old,Ownership Type,Self Owned,Maintenance Charges,0.0 per sq.ft/m,Flooring,Vitrified Tiles,Builtup Area,880 sq.ft,Furnishing Status,Unfurnished,Facing,East,Floor,Floor 3 / 10,Flats in Building,150,Parking Available,None,Power backup,"NA",Water Supply,Both,ff8081816489635601648a899d655446
19.17725763243889,72.95175106501233,Resale,"2 BHK for sale,
Giriraj Apartments","Giriraj Apartments, Ns Road, Mulund West, Near Mulund P ...",Pre-verified,Loan Verified,1.65 Crores,Negotiable,590,Sq.Ft,1.28 Lacs/Month,Estimated EMI,2 bedrooms,Vitrified Tiles,,Posted On,2 Baths,Vitrified Tiles,01-Dec-2018,Possession,1 Balcony,Giriraj Apartments,Apartment,Age of the Building,Under Construction,Ownership Type,Self Owned,Maintenance Charges,5.1 per sq.ft/m,Flooring,Vitrified Tiles,Builtup Area,590 sq.ft,Furnishing Status,Unfurnished,Facing,East,Floor,Floor 4 / 8,Flats in Building,5,Parking Available,Car,Power backup,Full,Water Supply,Both,ff8081816464b007016464b1ef990141
19.061601980563054,72.89572481247671,Resale,"1 BHK for sale,
Sanjeev co-operative soc","Sanjeev Co-operative Society, Postal Colony Near Shri B ...",Pre-verified,Loan Verified,50 Lacs,Negotiable,425,Sq.Ft,38.87 K/Month,Estimated EMI,1 bedrooms,Vitrified Tiles,,Posted On,1 Bath,Vitrified Tiles,Immediately,Possession,2 Balconies,Sanjeev co-operativ,Apartment,Age of the Building,5-10 years old,Ownership Type,Self Owned,Maintenance Charges,2.4 per sq.ft/m,Flooring,Vitrified Tiles,Builtup Area,425 sq.ft,Furnishing Status,Unfurnished,Facing,North-West,Floor,Floor 8 / 15,Flats in Building,12,Parking Available,Bike and Car,Power backup,"NA",Water Supply,Corporation,ff808181629564ba016299c436343456
19.063907672272254,72.90285955707782,Resale,"1 BHK for sale,
Pestom Sagar","Pestom Sagar, G. M. Road, Near Everest",Pre-verified,Loan Verified,1.05 Crores,Non-negotiable,500,Sq.Ft,81.62 K/Month,Estimated EMI,1 bedrooms,Vitrified Tiles,,Posted On,1 Bath,Vitrified Tiles,Immediately,Possession,0 Balconies,Pestom Sagar,Apartment,Age of the Building,>10 years old,Ownership Type,Self Owned,Maintenance Charges,3.6 per sq.ft/m,Flooring,Vitrified Tiles,Builtup Area,500 sq.ft,Furnishing Status,Unfurnished,Facing,East,Floor,Floor 3 / 4,Flats in Building,0,Parking Available,None,Power backup,None,Water Supply,Corporation,ff8081815f3dc25e015f42b265cd32d9
19.162866471727124,72.95719846501243,Resale,"1 BHK for sale,
Undisclosed","Undisclosed, Tata Colony, Near V.g.vaze College Of Arts ...",Pre-verified,Loan Verified,32.3 Lacs,Non-negotiable,350,Sq.Ft,25.11 K/Month,Estimated EMI,1 bedrooms,Vitrified Tiles,,Posted On,1 Bath,Vitrified Tiles,Immediately,Possession,1 Balcony,Undisclosed,Apartment,Age of the Building,Newly Constructed,Ownership Type,Self Owned,Maintenance Charges,2.9 per sq.ft/m,Flooring,Vitrified Tiles,Builtup Area,350 sq.ft,Furnishing Status,Unfurnished,Facing,North-East,Floor,Floor 14 / 18,Flats in Building,0,Parking Available,Bike and Car,Power backup,"NA",Water Supply,Corporation,ff80818164912f3b016492ede5c33f61
19.192636655237767,72.859712961377,Resale,"1 RK for sale,
Sunshine Apartment","Sunshine Apartment, Raheja Estate, Opp. Times Of India",Pre-verified,Loan Verified,35 Lacs,Non-negotiable,300,Sq.Ft,27.21 K/Month,Estimated EMI,1 bedrooms,Marble/Granite,,Posted On,1 Bath,Marble/Granite,Immediately,Possession,0 Balconies,Sunshine Apartment,Apartment,Age of the Building,5-10 years old,Ownership Type,Self Owned,Maintenance Charges,3.3 per sq.ft/m,Flooring,Marble/Granite,Builtup Area,300 sq.ft,Furnishing Status,Unfurnished,Facing,"NA",Floor,Floor 0 / 7,Flats in Building,0,Parking Available,Bike and Car,Power backup,Full,Water Supply,Corporation,ff8081816489635601648ccb63be7866
19.234879359820173,72.84164702251746,Resale,"1 BHK for sale,
Yogi prakash","Yogi Prakash, Yogi Nagar Marg, Yogi Nagar, Borivali,",Pre-verified,Loan Verified,95 Lacs,Negotiable,430,Sq.Ft,73.84 K/Month,Estimated EMI,1 bedrooms,Vitrified Tiles,,Posted On,1 Bath,Vitrified Tiles,Immediately,Possession,0 Balconies,Yogi prakash,Apartment,Age of the Building,>10 years old,Ownership Type,Self Owned,Maintenance Charges,2.3 per sq.ft/m,Flooring,Vitrified Tiles,Builtup Area,430 sq.ft,Furnishing Status,Semi,Facing,West,Floor,Floor 0 / 4,Flats in Building,1,Parking Available,Bike and Car,Power backup,"NA",Water Supply,Corporation,ff8081816459e61401645a3ec87c4318
19.176568163236546,72.9662289324715,Resale,"2 BHK for sale,
sai asha Daya","Sai Asha Daya, Prataprao Gujar Rd, Near Jain Mandir",Pre-verified,Loan Verified,1.5 Crores,Negotiable,740,Sq.Ft,1.17 Lacs/Month,Estimated EMI,2 bedrooms,Vitrified Tiles,,Posted On,2 Baths,Vitrified Tiles,Immediately,Possession,0 Balconies,sai asha Daya,Apartment,Age of the Building,5-10 years old,Ownership Type,Self Owned,Maintenance Charges,4.7 per sq.ft/m,Flooring,Vitrified Tiles,Builtup Area,740 sq.ft,Furnishing Status,Semi,Facing,East,Floor,Floor 4 / 7,Flats in Building,0,Parking Available,Bike and Car,Power backup,"NA",Water Supply,Corporation,ff80818160ea53ee0160eefbc35d09f6
19.2084138,72.8601097,Resale,"1 BHK for sale,
DSK Harita","Dsk Harita, Kandivali,mumbai",Pre-verified,Loan Verified,95 Lacs,Negotiable,521,Sq.Ft,73.84 K/Month,Estimated EMI,1 bedrooms,Vitrified Tiles,,Posted On,1 Bath,Vitrified Tiles,Immediately,Possession,0 Balconies,DSK Harita,Apartment,Age of the Building,>10 years old,Ownership Type,Self Owned,Maintenance Charges,4.2 per sq.ft/m,Flooring,Vitrified Tiles,Builtup Area,521 sq.ft,Furnishing Status,Semi,Facing,East,Floor,Floor 6 / 7,Flats in Building,0,Parking Available,None,Power backup,Full,Water Supply,Corporation,ff80818164912f3b016491de94e81912
19.09732048180281,72.90655650674591,Resale,"1 BHK for sale,
not disclosed","Not Disclosed, Siddharth Nagar, Near, North Bombay High ...",Pre-verified,Loan Verified,92 Lacs,Non-negotiable,550,Sq.Ft,71.51 K/Month,Estimated EMI,1 bedrooms,Vitrified Tiles,,Posted On,1 Bath,Vitrified Tiles,Immediately,Possession,1 Balcony,not disclosed,Apartment,Age of the Building,>10 years old,Ownership Type,Self Owned,Maintenance Charges,2.5 per sq.ft/m,Flooring,Vitrified Tiles,Builtup Area,550 sq.ft,Furnishing Status,Semi,Facing,East,Floor,Floor 3 / 4,Flats in Building,1,Parking Available,Bike and Car,Power backup,None,Water Supply,Both,ff80818164a2e4cd0164a333c9b637c1
19.1582376,72.9326521,Resale,"1 BHK for sale,
Mayuresh Park","Mayuresh Park, Bhandup West, Mumbai",Pre-verified,Loan Verified,92 Lacs,Negotiable,620,Sq.Ft,71.51 K/Month,Estimated EMI,1 bedrooms,"NA",,Posted On,2 Baths,"NA",Immediately,Possession,3 Balconies,Mayuresh Park,Apartment,Age of the Building,5-10 years old,Ownership Type,Self Owned,Maintenance Charges,4.8 per sq.ft/m,Flooring,"NA",Builtup Area,620 sq.ft,Furnishing Status,Semi,Facing,West,Floor,Floor 12 / 15,Flats in Building,0,Parking Available,Car,Power backup,"NA",Water Supply,Both,ff80818164707410016473c918561017
19.240512,72.86940600000003,Resale,"1 BHK for sale,
Manisha Enterprises","Manisha Enterprises, Near Shree Saurashtra Patel Samaj ...",Pre-verified,Loan Verified,92 Lacs,Negotiable,535,Sq.Ft,71.51 K/Month,Estimated EMI,1 bedrooms,Vitrified Tiles,,Posted On,2 Baths,Vitrified Tiles,30-Jun-2019,Possession,2 Balconies,Manisha Enterprises,Apartment,Age of the Building,Under Construction,Ownership Type,Self Owned,Maintenance Charges,4.7 per sq.ft/m,Flooring,Vitrified Tiles,Builtup Area,535 sq.ft,Furnishing Status,Unfurnished,Facing,East,Floor,Floor 11 / 12,Flats in Building,0,Parking Available,Bike and Car,Power backup,Full,Water Supply,Corporation,ff808181648eabc701648f7239af3278
19.177399804377583,72.95184260550513,Resale,"1 BHK for sale,
pragji sunderji","Pragji Sunderji, Ns Road, Near Mulund Police Station",Pre-verified,Loan Verified,1.25 Crores,Negotiable,693,Sq.Ft,97.17 K/Month,Estimated EMI,1 bedrooms,Vitrified Tiles,,Posted On,2 Baths,Vitrified Tiles,Immediately,Possession,2 Balconies,pragji sunderji,Apartment,Age of the Building,5-10 years old,Ownership Type,Self Owned,Maintenance Charges,2.3 per sq.ft/m,Flooring,Vitrified Tiles,Builtup Area,693 sq.ft,Furnishing Status,Full,Facing,North,Floor,Floor 6 / 7,Flats in Building,0,Parking Available,Bike and Car,Power backup,"NA",Water Supply,Both,ff80818164912dc6016492cb39225e54
19.166781988522615,72.84299438773155,Resale,"4 BHK for sale,
Mukund Villa","Mukund Villa, Yashwant Nagar,near Podar Jumbo Kids",Pre-verified,Loan Verified,4.5 Crores,Non-negotiable,"2,400",Sq.Ft,3.5 Lacs/Month,Estimated EMI,4 bedrooms,Vitrified Tiles,,Posted On,4 Baths,Vitrified Tiles,Immediately,Possession,2 Balconies,Mukund Villa,Independent House/Villa,Age of the Building,Newly Constructed,Ownership Type,Self Owned,Maintenance Charges,0.2 per sq.ft/m,Flooring,Vitrified Tiles,Builtup Area,"2,400 sq.ft",Furnishing Status,Full,Facing,South,Floor,Floor 0 / 0,Flats in Building,0,Parking Available,Car,Power backup,"NA",Water Supply,Corporation,ff80818164912f3b016492a934a21579
19.15527797961324,72.93256288591374,Resale,"1 RK for sale,
Deepak Niwas","Deepak Niwas, Gaon Devi Rd, Milind Nagar, Tembhipada, N ...",Pre-verified,Loan Verified,26 Lacs,Negotiable,180,Sq.Ft,20.21 K/Month,Estimated EMI,1 bedrooms,Mosaic,,Posted On,1 Bath,Mosaic,Immediately,Possession,0 Balconies,Deepak Niwas,Independent House/Villa,Age of the Building,>10 years old,Ownership Type,Self Owned,Maintenance Charges,1.7 per sq.ft/m,Flooring,Mosaic,Builtup Area,180 sq.ft,Furnishing Status,Unfurnished,Facing,South,Floor,Floor 0 / 0,Flats in Building,1,Parking Available,None,Power backup,"NA",Water Supply,Corporation,ff80818160ea556b0160f02dae0c020f
19.148959800699448,72.94835353346048,Resale,"4 BHK for sale,
Rugmini sandesh","Rugmini Sandesh, 90 Feet Road, Near Milind Society",Pre-verified,Loan Verified,4 Crores,Non-negotiable,"2,500",Sq.Ft,3.11 Lacs/Month,Estimated EMI,4 bedrooms,Vitrified Tiles,,Posted On,2 Baths,Vitrified Tiles,Immediately,Possession,4 Balconies,Rugmini sandesh,Apartment,Age of the Building,>10 years old,Ownership Type,Self Owned,Maintenance Charges,0.0 per sq.ft/m,Flooring,Vitrified Tiles,Builtup Area,"2,500 sq.ft",Furnishing Status,Unfurnished,Facing,"NA",Floor,Floor 1 / 2,Flats in Building,0,Parking Available,Bike and Car,Power backup,"NA",Water Supply,Corporation,ff80818161dbfc570161dc12ac4a08cb
19.21971613932735,72.84712276627045,Resale,"3 BHK for sale,
Soni Tower CHS","Soni Tower Chs, Haridas Nagar,near Aditya College Of De ...",Pre-verified,Loan Verified,2.6 Crores,Negotiable,"1,300",Sq.Ft,2.02 Lacs/Month,Estimated EMI,3 bedrooms,Vitrified Tiles,,Posted On,2 Baths,Vitrified Tiles,Immediately,Possession,0 Balconies,Soni Tower CHS,Apartment,Age of the Building,5-10 years old,Ownership Type,Self Owned,Maintenance Charges,3.8 per sq.ft/m,Flooring,Vitrified Tiles,Builtup Area,"1,300 sq.ft",Furnishing Status,Semi,Facing,"NA",Floor,Floor 1 / 14,Flats in Building,1,Parking Available,Bike,Power backup,"NA",Water Supply,Corporation,ff808181646a034601646b48ceae4fb9
19.216363790084294,72.82754654337771,Resale,"1 BHK for sale,
Neelam Apartment","Neelam Apartment, Charkop Sector 3,near Laxmi Dal Mill",Pre-verified,Loan Verified,82 Lacs,Negotiable,550,Sq.Ft,63.74 K/Month,Estimated EMI,1 bedrooms,Marble/Granite,,Posted On,2 Baths,Marble/Granite,Immediately,Possession,0 Balconies,Neelam Apartment,Apartment,Age of the Building,>10 years old,Ownership Type,Self Owned,Maintenance Charges,2.7 per sq.ft/m,Flooring,Marble/Granite,Builtup Area,550 sq.ft,Furnishing Status,Unfurnished,Facing,South,Floor,Floor 0 / 7,Flats in Building,0,Parking Available,Car,Power backup,Full,Water Supply,Corporation,ff80818164886eca0164886f8cf8002f
19.0418511,72.8759086,Resale,"2 BHK for sale,
Freeway 37","Freeway 37, Near Sion, Mumbai",Pre-verified,Loan Verified,1.7 Crores,Negotiable,900,Sq.Ft,1.32 Lacs/Month,Estimated EMI,2 bedrooms,Marble/Granite,,Posted On,2 Baths,Marble/Granite,01-Dec-2020,Possession,1 Balcony,Freeway 37,Apartment,Age of the Building,Under Construction,Ownership Type,Self Owned,Maintenance Charges,0.0 per sq.ft/m,Flooring,Marble/Granite,Builtup Area,900 sq.ft,Furnishing Status,Unfurnished,Facing,East,Floor,Floor 2 / 42,Flats in Building,0,Parking Available,Bike and Car,Power backup,"NA",Water Supply,Both,ff8081816459e61401645aaeb77b2976
18.96083628020506,72.81697302268446,Resale,"1 RK for sale,
Standalone Building","Standalone Building, Grant Road East, Near D B Marg Pol ...",Pre-verified,Loan Verified,70 Lacs,Negotiable,350,Sq.Ft,54.41 K/Month,Estimated EMI,1 bedrooms,Marble/Granite,,Posted On,1 Bath,Marble/Granite,Immediately,Possession,0 Balconies,Standalone Building,Independent Floor/Builder Floor,Age of the Building,>10 years old,Ownership Type,Self Owned,Maintenance Charges,0.0 per sq.ft/m,Flooring,Marble/Granite,Builtup Area,350 sq.ft,Furnishing Status,Unfurnished,Facing,South,Floor,Floor 2 / 3,Flats in Building,0,Parking Available,Bike and Car,Power backup,"NA",Water Supply,Both,ff80818163fd9fda016401ded0dd46e9
18.948556514503313,72.82863583677067,Resale,"1 BHK for sale,
undisclosed","Undisclosed, Marine Lines East, Near Shree Kalbadevi Mandir",Pre-verified,Loan Verified,1.5 Crores,Negotiable,427,Sq.Ft,1.17 Lacs/Month,Estimated EMI,1 bedrooms,Vitrified Tiles,,Posted On,1 Bath,Vitrified Tiles,Immediately,Possession,0 Balconies,undisclosed,Apartment,Age of the Building,>10 years old,Ownership Type,Self Owned,Maintenance Charges,0.9 per sq.ft/m,Flooring,Vitrified Tiles,Builtup Area,427 sq.ft,Furnishing Status,Unfurnished,Facing,North,Floor,Floor 5 / 7,Flats in Building,5,Parking Available,Bike and Car,Power backup,"NA",Water Supply,Both,ff808181626cca1801626ccf8ea101d0
19.2178315,72.8518924,Resale,"1 BHK for sale,
Arihant sidhi apartment","Arihant Sidhi Apartment, Saibaba Nagar Opposite To Radh ...",Pre-verified,Loan Verified,95 Lacs,Negotiable,600,Sq.Ft,73.84 K/Month,Estimated EMI,1 bedrooms,Vitrified Tiles,,Posted On,1 Bath,Vitrified Tiles,Immediately,Possession,0 Balconies,Arihant sidhi apart,Apartment,Age of the Building,>10 years old,Ownership Type,Self Owned,Maintenance Charges,1.3 per sq.ft/m,Flooring,Vitrified Tiles,Builtup Area,600 sq.ft,Furnishing Status,Semi,Facing,West,Floor,Floor 1 / 4,Flats in Building,20,Parking Available,Bike and Car,Power backup,"NA",Water Supply,Corporation,ff808181628af3cb0162902861834d9d
19.14557077400902,72.93640583739966,Resale,"1 BHK for sale,
Shrinath Dham","Shrinath Dham, Pedestrian Overpass Bhandup Rly Station, ...",Pre-verified,Loan Verified,1.1 Crores,Negotiable,565,Sq.Ft,85.5 K/Month,Estimated EMI,1 bedrooms,Marble/Granite,,Posted On,1 Bath,Marble/Granite,Immediately,Possession,0 Balconies,Shrinath Dham,Apartment,Age of the Building,>10 years old,Ownership Type,Self Owned,Maintenance Charges,0.0 per sq.ft/m,Flooring,Marble/Granite,Builtup Area,565 sq.ft,Furnishing Status,Semi,Facing,West,Floor,Floor 7 / 7,Flats in Building,0,Parking Available,Bike and Car,Power backup,"NA",Water Supply,Corporation,ff808181645f973001645fd2dcfd2ffb
19.1110621,72.8655922,Resale,"1 BHK for sale,
Bharateeya Kala CHS","Bharateeya Kala Chs, Om Nagar, J B Nagar, Near Jeena House",Pre-verified,Loan Verified,83 Lacs,Negotiable,400,Sq.Ft,64.52 K/Month,Estimated EMI,1 bedrooms,Vitrified Tiles,,Posted On,1 Bath,Vitrified Tiles,Immediately,Possession,0 Balconies,Bharateeya Kala CHS,Apartment,Age of the Building,>10 years old,Ownership Type,Self Owned,Maintenance Charges,3.8 per sq.ft/m,Flooring,Vitrified Tiles,Builtup Area,400 sq.ft,Furnishing Status,Semi,Facing,East,Floor,Floor 4 / 4,Flats in Building,16,Parking Available,Bike and Car,Power backup,None,Water Supply,Both,ff80818162b972a90162ba961d5942db
19.136589450274897,72.83076478346709,Resale,"3 BHK for sale,
Skypan Apartment","Skypan Apartment, Shastri Nagar, Near Country Club Indi ...",Pre-verified,Loan Verified,4 Crores,Negotiable,"1,431",Sq.Ft,3.11 Lacs/Month,Estimated EMI,3 bedrooms,Marble/Granite,,Posted On,3 Baths,Marble/Granite,Immediately,Possession,1 Balcony,Skypan Apartment,Apartment,Age of the Building,>10 years old,Ownership Type,Self Owned,Maintenance Charges,5.2 per sq.ft/m,Flooring,Marble/Granite,Builtup Area,"1,431 sq.ft",Furnishing Status,Semi,Facing,East,Floor,Floor 0 / 12,Flats in Building,0,Parking Available,Bike,Power backup,Full,Water Supply,Both,ff8081816411d7a30164126a05ef5f83
19.2562326,72.85071919999996,Resale,"1 RK for sale,
Bhakti Complex","Bhakti Complex, New Link Road,near Dmart",Pre-verified,Loan Verified,70 Lacs,Negotiable,400,Sq.Ft,54.41 K/Month,Estimated EMI,1 bedrooms,Vitrified Tiles,,Posted On,1 Bath,Vitrified Tiles,Immediately,Possession,0 Balconies,Bhakti Complex,Apartment,Age of the Building,5-10 years old,Ownership Type,Self Owned,Maintenance Charges,3.8 per sq.ft/m,Flooring,Vitrified Tiles,Builtup Area,400 sq.ft,Furnishing Status,Unfurnished,Facing,North,Floor,Floor 6 / 7,Flats in Building,1,Parking Available,None,Power backup,Full,Water Supply,Corporation,ff8081815ed194d2015ee135a8eb0b87
19.1653162,72.93621000000007,Resale,"2 BHK for sale,
Nirmal lifestyles Emeral","Nirmal Lifestyles Emerald, Lbs Road, Near Mcdonald's",Pre-verified,Loan Verified,1.55 Crores,Negotiable,875,Sq.Ft,1.2 Lacs/Month,Estimated EMI,2 bedrooms,Vitrified Tiles,,Posted On,2 Baths,Vitrified Tiles,Immediately,Possession,0 Balconies,Nirmal lifestyles E,Apartment,Age of the Building,>10 years old,Ownership Type,Self Owned,Maintenance Charges,5.7 per sq.ft/m,Flooring,Vitrified Tiles,Builtup Area,875 sq.ft,Furnishing Status,Full,Facing,East,Floor,Floor 2 / 16,Flats in Building,48,Parking Available,Bike and Car,Power backup,Full,Water Supply,Corporation,ff808181627abcdd01627c8c1dca4078
19.0691433,72.83841705,Resale,"2 BHK for sale,
Rishikesh","Rishikesh, 4th Road, Khar(w) Mumbai",Pre-verified,Loan Verified,3.65 Crores,Negotiable,900,Sq.Ft,2.84 Lacs/Month,Estimated EMI,2 bedrooms,Vitrified Tiles,,Posted On,2 Baths,Vitrified Tiles,Immediately,Possession,0 Balconies,Rishikesh,Apartment,Age of the Building,>10 years old,Ownership Type,Self Owned,Maintenance Charges,4.4 per sq.ft/m,Flooring,Vitrified Tiles,Builtup Area,900 sq.ft,Furnishing Status,Full,Facing,East,Floor,Floor 5 / 5,Flats in Building,0,Parking Available,Bike and Car,Power backup,"NA",Water Supply,Both,ff808181648968a201648971849b058e
19.16163153442008,72.9492942343586,Resale,"1 BHK for sale,
Sai Aangan","Sai Aangan, Vaithra Nagr, Near Sarvoday Jain Mandir",Pre-verified,Loan Verified,90 Lacs,Non-negotiable,513,Sq.Ft,69.96 K/Month,Estimated EMI,1 bedrooms,Marble/Granite,,Posted On,1 Bath,Marble/Granite,Immediately,Possession,0 Balconies,Sai Aangan,Apartment,Age of the Building,>10 years old,Ownership Type,Self Owned,Maintenance Charges,4.9 per sq.ft/m,Flooring,Marble/Granite,Builtup Area,513 sq.ft,Furnishing Status,Unfurnished,Facing,"NA",Floor,Floor 5 / 7,Flats in Building,4,Parking Available,Bike and Car,Power backup,Full,Water Supply,Both,ff8081815e19b79b015e1a181d6e1aa5
19.045212253647517,72.90304755826651,Resale,"2 BHK for sale,
alphine society","Alphine Society, Vasant Vihar Complex, Near Cubic Mall",Pre-verified,Loan Verified,1.85 Crores,Non-negotiable,850,Sq.Ft,1.44 Lacs/Month,Estimated EMI,2 bedrooms,"NA",,Posted On,2 Baths,"NA",Immediately,Possession,1 Balcony,alphine society,Apartment,Age of the Building,5-10 years old,Ownership Type,Self Owned,Maintenance Charges,0.0 per sq.ft/m,Flooring,"NA",Builtup Area,850 sq.ft,Furnishing Status,Semi,Facing,East,Floor,Floor 6 / 7,Flats in Building,1,Parking Available,Bike and Car,Power backup,"NA",Water Supply,Both,ff808181648968a2016489b22b442d4e
19.1783869,72.84749349999993,Resale,"1 BHK for sale,
Rani Sati Nagar","Rani Sati Nagar, Chincholi Phatak, Near Dominos Pizza",Pre-verified,Loan Verified,80 Lacs,Negotiable,435,Sq.Ft,62.19 K/Month,Estimated EMI,1 bedrooms,Vitrified Tiles,,Posted On,1 Bath,Vitrified Tiles,Immediately,Possession,0 Balconies,Rani Sati Nagar,Apartment,Age of the Building,>10 years old,Ownership Type,Self Owned,Maintenance Charges,2.8 per sq.ft/m,Flooring,Vitrified Tiles,Builtup Area,435 sq.ft,Furnishing Status,Semi,Facing,South,Floor,Floor 4 / 4,Flats in Building,0,Parking Available,Bike,Power backup,"NA",Water Supply,Corporation,ff808181647526e50164787904ed773b
18.981144927923964,72.82574286573822,Resale,"1 BHK for sale,
Vaishali Nagar CHS","Vaishali Nagar Chs, Near New Shirin Theatre",Pre-verified,Loan Verified,1.6 Crores,Negotiable,520,Sq.Ft,1.24 Lacs/Month,Estimated EMI,1 bedrooms,Vitrified Tiles,,Posted On,1 Bath,Vitrified Tiles,Immediately,Possession,0 Balconies,Vaishali Nagar CHS,Apartment,Age of the Building,>10 years old,Ownership Type,Self Owned,Maintenance Charges,3.4 per sq.ft/m,Flooring,Vitrified Tiles,Builtup Area,520 sq.ft,Furnishing Status,Unfurnished,Facing,North-East,Floor,Floor 7 / 7,Flats in Building,28,Parking Available,Bike and Car,Power backup,None,Water Supply,Corporation,ff808181649a043801649c2f8fe92191
19.0898504,72.90139109999996,Resale,"2 BHK for sale,
Suvidha","Suvidha, S.n.maheta Rd Kasturi Park, Near Maheshwari Vi ...",Pre-verified,Loan Verified,1.65 Crores,Negotiable,"1,020",Sq.Ft,1.28 Lacs/Month,Estimated EMI,2 bedrooms,Vitrified Tiles,,Posted On,2 Baths,Vitrified Tiles,Immediately,Possession,0 Balconies,Suvidha,Apartment,Age of the Building,Newly Constructed,Ownership Type,Self Owned,Maintenance Charges,0.0 per sq.ft/m,Flooring,Vitrified Tiles,Builtup Area,"1,020 sq.ft",Furnishing Status,Unfurnished,Facing,East,Floor,Floor 1 / 10,Flats in Building,0,Parking Available,Bike and Car,Power backup,"NA",Water Supply,Corporation,ff80818163c529be0163c9fb56d870d1
19.1957882,72.8320683,Resale,"1 BHK for sale,
GIRDHAR PARK","Girdhar Park, Marve Road, Mith Chowki",Pre-verified,Loan Verified,1.15 Crores,Negotiable,600,Sq.Ft,89.39 K/Month,Estimated EMI,1 bedrooms,Mosaic,,Posted On,2 Baths,Mosaic,Immediately,Possession,1 Balcony,GIRDHAR PARK,Apartment,Age of the Building,>10 years old,Ownership Type,Self Owned,Maintenance Charges,5.0 per sq.ft/m,Flooring,Mosaic,Builtup Area,600 sq.ft,Furnishing Status,Semi,Facing,West,Floor,Floor 0 / 7,Flats in Building,21,Parking Available,Bike and Car,Power backup,Full,Water Supply,Corporation,ff80818164589fb6016459c8e7574744
19.170512097775802,72.8812436742212,Resale,"2 BHK for sale,
Mantri Park","Mantri Park, Nagri Niwara Cooperative Housing Society, ...",Pre-verified,Loan Verified,90 Lacs,Negotiable,780,Sq.Ft,69.96 K/Month,Estimated EMI,2 bedrooms,Marble/Granite,,Posted On,1 Bath,Marble/Granite,Immediately,Possession,0 Balconies,Mantri Park,Apartment,Age of the Building,5-10 years old,Ownership Type,Self Owned,Maintenance Charges,1.9 per sq.ft/m,Flooring,Marble/Granite,Builtup Area,780 sq.ft,Furnishing Status,Semi,Facing,"NA",Floor,Floor 3 / 7,Flats in Building,1,Parking Available,Bike and Car,Power backup,Partial,Water Supply,Corporation,ff808181602c07a401602c23b53c0c96
19.102928734505653,72.92754386994056,Resale,"2 BHK for sale,
Godrej Platinum","Godrej Platinum, Opp Godrej Memorial Hospital",Pre-verified,Loan Verified,2.8 Crores,Non-negotiable,"1,200",Sq.Ft,2.18 Lacs/Month,Estimated EMI,2 bedrooms,Marble/Granite,,Posted On,2 Baths,Marble/Granite,Immediately,Possession,0 Balconies,Godrej Platinum,Apartment,Age of the Building,5-10 years old,Ownership Type,Self Owned,Maintenance Charges,12.5 per sq.ft/m,Flooring,Marble/Granite,Builtup Area,"1,200 sq.ft",Furnishing Status,Full,Facing,"NA",Floor,Floor 9 / 23,Flats in Building,0,Parking Available,Bike and Car,Power backup,"NA",Water Supply,Both,ff808181642e7779016430b304493514
19.263244864372872,72.87535686878664,Resale,"2 BHK for sale,
Spring","Spring, Ketkipada,near Thakur Mall",Pre-verified,Loan Verified,87 Lacs,Non-negotiable,915,Sq.Ft,67.63 K/Month,Estimated EMI,2 bedrooms,Vitrified Tiles,,Posted On,2 Baths,Vitrified Tiles,Immediately,Possession,3 Balconies,Spring,Apartment,Age of the Building,1-3 years old,Ownership Type,Self Owned,Maintenance Charges,2.4 per sq.ft/m,Flooring,Vitrified Tiles,Builtup Area,915 sq.ft,Furnishing Status,Unfurnished,Facing,North,Floor,Floor 12 / 20,Flats in Building,1,Parking Available,Bike and Car,Power backup,None,Water Supply,Borewell,ff8081815baf0eb3015bb08b58f6744c
19.0490062,72.9087283,Resale,"2 BHK for sale,
Vanamali building","Vanamali Building, Waman Tukaram Patil Marg, Near Ktm C ...",Pre-verified,Loan Verified,2.4 Crores,Non-negotiable,"1,100",Sq.Ft,1.87 Lacs/Month,Estimated EMI,2 bedrooms,Vitrified Tiles,,Posted On,2 Baths,Vitrified Tiles,Immediately,Possession,0 Balconies,Vanamali building,Apartment,Age of the Building,>10 years old,Ownership Type,Self Owned,Maintenance Charges,5.5 per sq.ft/m,Flooring,Vitrified Tiles,Builtup Area,"1,100 sq.ft",Furnishing Status,Semi,Facing,"NA",Floor,Floor 0 / 16,Flats in Building,0,Parking Available,Bike and Car,Power backup,Full,Water Supply,Both,ff80818163a685580163a69855eb06f1
19.179806568145587,72.93991025081459,Resale,"3 BHK for sale,
Redwoods CHS","Redwoods Chs, Agrawal Rd, Veena Nagar, Near Nes Interna ...",Pre-verified,Loan Verified,2.5 Crores,Negotiable,"1,200",Sq.Ft,1.94 Lacs/Month,Estimated EMI,3 bedrooms,Vitrified Tiles,,Posted On,3 Baths,Vitrified Tiles,Immediately,Possession,1 Balcony,Redwoods CHS,Apartment,Age of the Building,>10 years old,Ownership Type,Self Owned,Maintenance Charges,2.5 per sq.ft/m,Flooring,Vitrified Tiles,Builtup Area,"1,200 sq.ft",Furnishing Status,Full,Facing,East,Floor,Floor 1 / 7,Flats in Building,0,Parking Available,None,Power backup,Full,Water Supply,Corporation,ff8081815e7fce68015e803e441c12b9
19.14236243219832,72.82270770304103,Resale,"2 BHK for sale,
Gurukrupa CHS","Gurukrupa Chs, 2nd Cross Lane, Near State Bank Of India",Pre-verified,Loan Verified,1.65 Crores,Negotiable,604,Sq.Ft,1.28 Lacs/Month,Estimated EMI,2 bedrooms,Mosaic,,Posted On,2 Baths,Mosaic,Immediately,Possession,0 Balconies,Gurukrupa CHS,Apartment,Age of the Building,>10 years old,Ownership Type,Self Owned,Maintenance Charges,4.1 per sq.ft/m,Flooring,Mosaic,Builtup Area,604 sq.ft,Furnishing Status,Unfurnished,Facing,North-East,Floor,Floor 0 / 5,Flats in Building,25,Parking Available,Bike and Car,Power backup,Full,Water Supply,Corporation,ff808181647938fc016479f0d0ab1770
19.07992172,72.88587189,Resale,"2 BHK for sale,
Premier Residences","Premier Residences, Kurla, Mumbai",Pre-verified,Loan Verified,1.3 Crores,Negotiable,925,Sq.Ft,1.01 Lacs/Month,Estimated EMI,2 bedrooms,Vitrified Tiles,,Posted On,2 Baths,Vitrified Tiles,Immediately,Possession,0 Balconies,Premier Residences,Apartment,Age of the Building,3-5 years old,Ownership Type,Self Owned,Maintenance Charges,0.5 per sq.ft/m,Flooring,Vitrified Tiles,Builtup Area,925 sq.ft,Furnishing Status,Full,Facing,"NA",Floor,Floor 0 / 12,Flats in Building,0,Parking Available,Bike and Car,Power backup,"NA",Water Supply,Corporation,ff808181647d74e801647ec4762364be
19.1695694677524,72.86919203984644,Resale,"2 BHK for sale,
Sai Sagar Tower","Sai Sagar Tower, Near Saint Xaviers High School",Pre-verified,Loan Verified,1.45 Crores,Negotiable,850,Sq.Ft,1.13 Lacs/Month,Estimated EMI,2 bedrooms,Vitrified Tiles,,Posted On,1 Bath,Vitrified Tiles,Immediately,Possession,2 Balconies,Sai Sagar Tower,Apartment,Age of the Building,>10 years old,Ownership Type,Self Owned,Maintenance Charges,0.0 per sq.ft/m,Flooring,Vitrified Tiles,Builtup Area,850 sq.ft,Furnishing Status,Semi,Facing,East,Floor,Floor 6 / 7,Flats in Building,"NA",Parking Available,Bike and Car,Power backup,Full,Water Supply,Both,ff80818155e398790155e3edcdd81221
19.083424673529116,72.85110879615627,Resale,"1 RK for sale,
Khandwala CHS","Khandwala Chs, Datta Mandir Road Near Sai Baba And Shan ...",Pre-verified,Loan Verified,36 Lacs,Negotiable,275,Sq.Ft,27.98 K/Month,Estimated EMI,1 bedrooms,Mosaic,,Posted On,1 Bath,Mosaic,Immediately,Possession,1 Balcony,Khandwala CHS,Apartment,Age of the Building,>10 years old,Ownership Type,Self Owned,Maintenance Charges,2.2 per sq.ft/m,Flooring,Mosaic,Builtup Area,275 sq.ft,Furnishing Status,Unfurnished,Facing,West,Floor,Floor 5 / 7,Flats in Building,1,Parking Available,Bike,Power backup,"NA",Water Supply,Corporation,ff808181615af71b01616162b44d0afa
19.12022860908139,72.83932126197124,Resale,"2 BHK for sale,
Atlantic tower sagar cit","Atlantic Tower Sagar City, Vitthalbhai Patel Rd, Sagar ...",Pre-verified,Loan Verified,1.7 Crores,Negotiable,990,Sq.Ft,1.32 Lacs/Month,Estimated EMI,2 bedrooms,Vitrified Tiles,,Posted On,2 Baths,Vitrified Tiles,Immediately,Possession,0 Balconies,Atlantic tower saga,Apartment,Age of the Building,>10 years old,Ownership Type,Self Owned,Maintenance Charges,5.1 per sq.ft/m,Flooring,Vitrified Tiles,Builtup Area,990 sq.ft,Furnishing Status,Semi,Facing,"NA",Floor,Floor 16 / 16,Flats in Building,0,Parking Available,Bike and Car,Power backup,Full,Water Supply,Corporation,ff808181647d728001647e0883883523
19.129409314772342,72.85416450528646,Resale,"1 RK for sale,
Snehdhara CHS Ltd.","Snehdhara Chs Ltd., Natwar Nagar, Rd No .5 Near Yojana ...",Pre-verified,Loan Verified,60 Lacs,Negotiable,150,Sq.Ft,46.64 K/Month,Estimated EMI,1 bedrooms,Vitrified Tiles,,Posted On,1 Bath,Vitrified Tiles,Immediately,Possession,0 Balconies,Snehdhara CHS Ltd.,Apartment,Age of the Building,>10 years old,Ownership Type,Self Owned,Maintenance Charges,13.3 per sq.ft/m,Flooring,Vitrified Tiles,Builtup Area,150 sq.ft,Furnishing Status,Semi,Facing,East,Floor,Floor 2 / 4,Flats in Building,1,Parking Available,Bike and Car,Power backup,"NA",Water Supply,Both,ff808181625fd82b0162612dd467789f
19.1255855,72.86187159999997,Resale,"1 RK for sale,
Sai Dham CHS","Sai Dham Chs, Nr. Kokan Hospital",Pre-verified,Loan Verified,45 Lacs,Negotiable,225,Sq.Ft,34.98 K/Month,Estimated EMI,1 bedrooms,Vitrified Tiles,,Posted On,1 Bath,Vitrified Tiles,Immediately,Possession,0 Balconies,Sai Dham CHS,Apartment,Age of the Building,>10 years old,Ownership Type,Self Owned,Maintenance Charges,4.4 per sq.ft/m,Flooring,Vitrified Tiles,Builtup Area,225 sq.ft,Furnishing Status,Unfurnished,Facing,East,Floor,Floor 1 / 7,Flats in Building,1,Parking Available,Bike and Car,Power backup,"NA",Water Supply,Corporation,ff808181641c39eb016420dc637d4c2f
19.1311698,72.82482660000005,Resale,"1 RK for sale,
Versova Vinayak","Versova Vinayak, Near Kokilaben Dhirubhai Ambani Hospit ...",Pre-verified,Loan Verified,95 Lacs,Negotiable,500,Sq.Ft,73.84 K/Month,Estimated EMI,1 bedrooms,Marble/Granite,,Posted On,1 Bath,Marble/Granite,Immediately,Possession,0 Balconies,Versova Vinayak,Apartment,Age of the Building,>10 years old,Ownership Type,Self Owned,Maintenance Charges,9.0 per sq.ft/m,Flooring,Marble/Granite,Builtup Area,500 sq.ft,Furnishing Status,Unfurnished,Facing,"NA",Floor,Floor 2 / 13,Flats in Building,0,Parking Available,None,Power backup,"NA",Water Supply,Corporation,ff80818164793b3001647a3382246288
19.088800555556922,72.83756620982172,Resale,"2 BHK for sale,
Khira Nagar Society","Khira Nagar Society, Swami Vivekananda Rd Near Reliance ...",Pre-verified,Loan Verified,2.3 Crores,Negotiable,900,Sq.Ft,1.79 Lacs/Month,Estimated EMI,2 bedrooms,Vitrified Tiles,,Posted On,2 Baths,Vitrified Tiles,Immediately,Possession,0 Balconies,Khira Nagar Society,Apartment,Age of the Building,>10 years old,Ownership Type,Self Owned,Maintenance Charges,4.4 per sq.ft/m,Flooring,Vitrified Tiles,Builtup Area,900 sq.ft,Furnishing Status,Semi,Facing,East,Floor,Floor 1 / 4,Flats in Building,0,Parking Available,Bike and Car,Power backup,"NA",Water Supply,Both,ff8081815f9b6127015f9bcd55cf3ad6
"Aug 4, 2018 4:40:10 PM",19.243640445366765,72.85738091933149,Resale,"2 BHK for sale,
Amrat chs","Amrat Chs, Leo Peter Wadi, Near Rustomjee Cambridge Int ...",Pre-verified,Loan Verified,1.8 Crores,Negotiable,"1,200",Sq.Ft,1.4 Lacs/Month,Estimated EMI,2 bedrooms,Vitrified Tiles,,Posted On,2 Baths,Vitrified Tiles,Immediately,Possession,0 Balconies,Amrat chs,Apartment,Age of the Building,>10 years old,Ownership Type,Self Owned,Maintenance Charges,2.5 per sq.ft/m,Flooring,Vitrified Tiles,Builtup Area,"1,200 sq.ft",Furnishing Status,Full,Facing,East,Floor,Floor 3 / 6,Flats in Building,0,Parking Available,None,Power backup,Full,Water Supply,Both,ff808181647370f50164737fdaae0505
19.19369298941598,72.84023120000006,Resale,"2 BHK for sale,
divine","Divine, Marve Rd Near Garden Court Restauran",Pre-verified,Loan Verified,1.99 Crores,Negotiable,"1,220",Sq.Ft,1.55 Lacs/Month,Estimated EMI,2 bedrooms,Vitrified Tiles,,Posted On,2 Baths,Vitrified Tiles,Immediately,Possession,0 Balconies,divine,Apartment,Age of the Building,Newly Constructed,Ownership Type,Self Owned,Maintenance Charges,0.0 per sq.ft/m,Flooring,Vitrified Tiles,Builtup Area,"1,220 sq.ft",Furnishing Status,Unfurnished,Facing,"NA",Floor,Floor 6 / 10,Flats in Building,0,Parking Available,Car,Power backup,"NA",Water Supply,Corporation,ff8081816468cf32016469a7de0d434d
19.201037587983475,72.86333017857362,Resale,"1 BHK for sale,
Bhoomi Legend","Bhoomi Legend, Western Express Hwy Near Samta Nagar Pol ...",Pre-verified,Loan Verified,1.02 Crores,Negotiable,460,Sq.Ft,79.29 K/Month,Estimated EMI,1 bedrooms,Vitrified Tiles,,Posted On,2 Baths,Vitrified Tiles,Immediately,Possession,2 Balconies,Bhoomi Legend,Apartment,Age of the Building,Newly Constructed,Ownership Type,Self Owned,Maintenance Charges,6.5 per sq.ft/m,Flooring,Vitrified Tiles,Builtup Area,460 sq.ft,Furnishing Status,Semi,Facing,"NA",Floor,Floor 10 / 13,Flats in Building,0,Parking Available,Bike and Car,Power backup,Full,Water Supply,Both,ff80818154aeff6d0154af375db905d4
"Aug 4, 2018 5:17:44 PM",19.2322994,72.84970720000001,Resale,"1 BHK for sale,
Shree Sai Tower","Shree Sai Tower, Sodawala Lane, Near Sterling Hospital",Pre-verified,Loan Verified,95 Lacs,Negotiable,585,Sq.Ft,73.84 K/Month,Estimated EMI,1 bedrooms,Marble/Granite,,Posted On,1 Bath,Marble/Granite,Immediately,Possession,0 Balconies,Shree Sai Tower,Apartment,Age of the Building,>10 years old,Ownership Type,Self Owned,Maintenance Charges,2.9 per sq.ft/m,Flooring,Marble/Granite,Builtup Area,585 sq.ft,Furnishing Status,Semi,Facing,East,Floor,Floor 3 / 7,Flats in Building,1,Parking Available,Bike and Car,Power backup,"NA",Water Supply,Both,ff8081815926ca1d015927c7ab4d152e
19.1998211,72.84259399999999,Resale,"1 BHK for sale,
RNA NG Suncity Phase 2","Rna Ng Suncity Phase 2, Thakur Village, Near Evershine ...",Pre-verified,Loan Verified,91 Lacs,Non-negotiable,630,Sq.Ft,70.74 K/Month,Estimated EMI,1 bedrooms,Vitrified Tiles,,Posted On,2 Baths,Vitrified Tiles,Immediately,Possession,0 Balconies,RNA NG Suncity Phas,Apartment,Age of the Building,5-10 years old,Ownership Type,Self Owned,Maintenance Charges,5.1 per sq.ft/m,Flooring,Vitrified Tiles,Builtup Area,630 sq.ft,Furnishing Status,Full,Facing,West,Floor,Floor 0 / 8,Flats in Building,0,Parking Available,Bike and Car,Power backup,Full,Water Supply,Borewell,ff808181644f7151016450443f1a56a1
19.16952276934116,72.95725280307579,Resale,"3 BHK for sale,
Sudeep Co-operative Hous","Sudeep Co-operative Housing Society, Krishna Gokhale Ro ...",Pre-verified,Loan Verified,2.75 Crores,Negotiable,"1,200",Sq.Ft,2.14 Lacs/Month,Estimated EMI,3 bedrooms,Vitrified Tiles,,Posted On,3 Baths,Vitrified Tiles,01-Apr-2019,Possession,3 Balconies,Sudeep Co-operative,Apartment,Age of the Building,1-3 years old,Ownership Type,Self Owned,Maintenance Charges,4.2 per sq.ft/m,Flooring,Vitrified Tiles,Builtup Area,"1,200 sq.ft",Furnishing Status,Semi,Facing,East,Floor,Floor 7 / 8,Flats in Building,0,Parking Available,Bike and Car,Power backup,"NA",Water Supply,Both,ff808181647d728001647ebc0cb0739f
19.115531200000003,72.87185777116395,Resale,"2 BHK for sale,
Sun Beam CHS","Sun Beam Chs, Kondivita Near Om Niranjan Nirankar Hanum ...",Pre-verified,Loan Verified,1.11 Crores,Negotiable,800,Sq.Ft,86.28 K/Month,Estimated EMI,2 bedrooms,Mosaic,,Posted On,1 Bath,Mosaic,Immediately,Possession,0 Balconies,Sun Beam CHS,Apartment,Age of the Building,>10 years old,Ownership Type,Self Owned,Maintenance Charges,3.1 per sq.ft/m,Flooring,Mosaic,Builtup Area,800 sq.ft,Furnishing Status,Semi,Facing,North-East,Floor,Floor 3 / 6,Flats in Building,0,Parking Available,Bike and Car,Power backup,"NA",Water Supply,Both,ff808181646f510501646f5b479904a6
19.1191121,72.88136280000003,Resale,"1 RK for sale,
adarsh nagar society","Adarsh Nagar Society, Marol Maroshi Rd,near Marol Educ ...",Pre-verified,Loan Verified,35 Lacs,Negotiable,150,Sq.Ft,27.21 K/Month,Estimated EMI,1 bedrooms,Cement,,Posted On,1 Bath,Cement,Immediately,Possession,0 Balconies,adarsh nagar societ,Independent House/Villa,Age of the Building,>10 years old,Ownership Type,Self Owned,Maintenance Charges,0.0 per sq.ft/m,Flooring,Cement,Builtup Area,150 sq.ft,Furnishing Status,Semi,Facing,"NA",Floor,Floor 0 / 1,Flats in Building,0,Parking Available,None,Power backup,Full,Water Supply,Corporation,ff808181645ef88001645f73583c2cbd
19.099205109717133,72.84984547294698,Resale,"2 BHK for sale,
Om Eashakripa CHS","Om Eashakripa Chs, Dixit Rd Near Sathaye College",Pre-verified,Loan Verified,2.5 Crores,Negotiable,840,Sq.Ft,1.94 Lacs/Month,Estimated EMI,2 bedrooms,Vitrified Tiles,,Posted On,2 Baths,Vitrified Tiles,Immediately,Possession,2 Balconies,Om Eashakripa CHS,Apartment,Age of the Building,>10 years old,Ownership Type,Self Owned,Maintenance Charges,1.2 per sq.ft/m,Flooring,Vitrified Tiles,Builtup Area,840 sq.ft,Furnishing Status,Unfurnished,Facing,East,Floor,Floor 0 / 2,Flats in Building,0,Parking Available,Bike and Car,Power backup,None,Water Supply,Both,ff808181582f1ffa01582f3128d504ed
19.16174889,72.83885193,Resale,"3 BHK for sale,
Pai Niwas","Pai Niwas, Road Number 6, Off M G Road, Near Divya Vast ...",Pre-verified,Loan Verified,2.7 Crores,Non-negotiable,"1,200",Sq.Ft,2.1 Lacs/Month,Estimated EMI,3 bedrooms,Vitrified Tiles,,Posted On,3 Baths,Vitrified Tiles,Immediately,Possession,0 Balconies,Pai Niwas,Apartment,Age of the Building,1-3 years old,Ownership Type,Self Owned,Maintenance Charges,6.7 per sq.ft/m,Flooring,Vitrified Tiles,Builtup Area,"1,200 sq.ft",Furnishing Status,Unfurnished,Facing,East,Floor,Floor 3 / 10,Flats in Building,16,Parking Available,Bike and Car,Power backup,"NA",Water Supply,Corporation,ff80818164350b520164350f79890097
19.245653093867684,72.84683886011885,Resale,"2 BHK for sale,
Celestial Arc","Celestial Arc, 3rd Cross Road, Ic Colony,near Lucky Stores",Pre-verified,Loan Verified,1.6 Crores,Negotiable,"1,000",Sq.Ft,1.24 Lacs/Month,Estimated EMI,2 bedrooms,Vitrified Tiles,,Posted On,2 Baths,Vitrified Tiles,Immediately,Possession,2 Balconies,Celestial Arc,Apartment,Age of the Building,>10 years old,Ownership Type,Self Owned,Maintenance Charges,3.5 per sq.ft/m,Flooring,Vitrified Tiles,Builtup Area,"1,000 sq.ft",Furnishing Status,Semi,Facing,"NA",Floor,Floor 3 / 3,Flats in Building,0,Parking Available,Bike and Car,Power backup,"NA",Water Supply,Corporation,ff80818160c4d78e0160c5abdcb35639
19.120772663914714,72.8846299374344,Resale,"2 BHK for sale,
Lok Sarita Apartments","Lok Sarita Apartments, Military Rd, Raje Shivaji Nagar, ...",Pre-verified,Loan Verified,1.45 Crores,Negotiable,800,Sq.Ft,1.13 Lacs/Month,Estimated EMI,2 bedrooms,Vitrified Tiles,,Posted On,2 Baths,Vitrified Tiles,Immediately,Possession,1 Balcony,Lok Sarita Apartmen,Apartment,Age of the Building,>10 years old,Ownership Type,Self Owned,Maintenance Charges,5.6 per sq.ft/m,Flooring,Vitrified Tiles,Builtup Area,800 sq.ft,Furnishing Status,Unfurnished,Facing,South,Floor,Floor 9 / 12,Flats in Building,0,Parking Available,Bike,Power backup,"NA",Water Supply,Corporation,ff808181642b516101642c1b781123b3
19.197304342217993,72.81051383921749,Resale,"3 BHK for sale,
Edel 15","Edel 15, Akashwani Kendra, Marve Road, Near Green Villa ...",Pre-verified,Loan Verified,5.5 Crores,Negotiable,"2,000",Sq.Ft,4.28 Lacs/Month,Estimated EMI,3 bedrooms,Vitrified Tiles,,Posted On,3 Baths,Vitrified Tiles,Immediately,Possession,0 Balconies,Edel 15,Independent House/Villa,Age of the Building,>10 years old,Ownership Type,Self Owned,Maintenance Charges,0.0 per sq.ft/m,Flooring,Vitrified Tiles,Builtup Area,"2,000 sq.ft",Furnishing Status,Semi,Facing,West,Floor,Floor 0 / 1,Flats in Building,0,Parking Available,Bike and Car,Power backup,Full,Water Supply,Corporation,ff8081815e80b789015e849eecb65e95
19.195958243100964,72.80741175033188,Resale,"2 BHK for sale,
shaikh house","Shaikh House, Chikuwadi, Near St. Anthony's High School",Pre-verified,Loan Verified,38 Lacs,Negotiable,800,Sq.Ft,29.54 K/Month,Estimated EMI,2 bedrooms,Vitrified Tiles,,Posted On,2 Baths,Vitrified Tiles,Immediately,Possession,1 Balcony,shaikh house,Apartment,Age of the Building,3-5 years old,Ownership Type,Self Owned,Maintenance Charges,2.5 per sq.ft/m,Flooring,Vitrified Tiles,Builtup Area,800 sq.ft,Furnishing Status,Unfurnished,Facing,East,Floor,Floor 0 / 2,Flats in Building,0,Parking Available,Bike and Car,Power backup,"NA",Water Supply,Corporation,ff80818160a296dd0160a766a3e601d1
19.016381726203168,72.82694864414555,Resale,"2 BHK for sale,
Kalpataru Building","Kalpataru Building, P.balu Marg, Near Icici Lombard Gen ...",Pre-verified,Loan Verified,3.7 Crores,Negotiable,915,Sq.Ft,2.88 Lacs/Month,Estimated EMI,2 bedrooms,Marble/Granite,,Posted On,2 Baths,Marble/Granite,Immediately,Possession,1 Balcony,Kalpataru Building,Apartment,Age of the Building,>10 years old,Ownership Type,Self Owned,Maintenance Charges,0.0 per sq.ft/m,Flooring,Marble/Granite,Builtup Area,915 sq.ft,Furnishing Status,Semi,Facing,South,Floor,Floor 0 / 5,Flats in Building,4,Parking Available,Bike,Power backup,Full,Water Supply,Corporation,ff80818163c529be0163ca007fe974e2
19.095926346641306,72.88755999908244,Resale,"1 RK for sale,
dosti heritage","Dosti Heritage, Feet Road, Opp.d'souza Nagar,near Nagou ...",Pre-verified,Loan Verified,51 Lacs,Negotiable,378,Sq.Ft,39.64 K/Month,Estimated EMI,1 bedrooms,Vitrified Tiles,,Posted On,1 Bath,Vitrified Tiles,Immediately,Possession,0 Balconies,dosti heritage,Apartment,Age of the Building,>10 years old,Ownership Type,Self Owned,Maintenance Charges,0.0 per sq.ft/m,Flooring,Vitrified Tiles,Builtup Area,378 sq.ft,Furnishing Status,Unfurnished,Facing,East,Floor,Floor 0 / 7,Flats in Building,0,Parking Available,Bike and Car,Power backup,None,Water Supply,Corporation,ff8081815fa522c2015fa5d029005900
19.136104,72.8636405,Resale,"3 BHK for sale,
Blue Meadows","Blue Meadows, Vikroli-jogeshwari Link Road, Jogeshwari ...",Pre-verified,Loan Verified,2.4 Crores,Non-negotiable,"1,340",Sq.Ft,1.87 Lacs/Month,Estimated EMI,3 bedrooms,Vitrified Tiles,,Posted On,3 Baths,Vitrified Tiles,Immediately,Possession,4 Balconies,Blue Meadows,Apartment,Age of the Building,5-10 years old,Ownership Type,Self Owned,Maintenance Charges,5.6 per sq.ft/m,Flooring,Vitrified Tiles,Builtup Area,"1,340 sq.ft",Furnishing Status,Full,Facing,"NA",Floor,Floor 11 / 12,Flats in Building,48,Parking Available,Bike and Car,Power backup,Partial,Water Supply,Both,ff808181642253d2016425469f475a59
19.120842,72.9250169,Resale,"1 BHK for sale,
Society","Society, Lbs Road, Vikhroli West,",Pre-verified,Loan Verified,1.12 Crores,Negotiable,566,Sq.Ft,87.06 K/Month,Estimated EMI,1 bedrooms,Cement,,Posted On,1 Bath,Cement,Immediately,Possession,0 Balconies,Society,Apartment,Age of the Building,>10 years old,Ownership Type,Self Owned,Maintenance Charges,3.5 per sq.ft/m,Flooring,Cement,Builtup Area,566 sq.ft,Furnishing Status,Semi,Facing,North,Floor,Floor 0 / 12,Flats in Building,1,Parking Available,Bike and Car,Power backup,Full,Water Supply,Corporation,ff808181647526e501647938172552e7
19.05334290434488,72.91568266564127,Resale,"1 RK for sale,
Babuseth Smruti","Babuseth Smruti, Deonar, Near Neelkanth Gardens",Pre-verified,Loan Verified,45 Lacs,Negotiable,300,Sq.Ft,34.98 K/Month,Estimated EMI,1 bedrooms,Cement,,Posted On,1 Bath,Cement,Immediately,Possession,0 Balconies,Babuseth Smruti,Apartment,Age of the Building,>10 years old,Ownership Type,Self Owned,Maintenance Charges,2.7 per sq.ft/m,Flooring,Cement,Builtup Area,300 sq.ft,Furnishing Status,Full,Facing,"NA",Floor,Floor 0 / 7,Flats in Building,0,Parking Available,None,Power backup,Full,Water Supply,Corporation,ff80818161eb95610161ebaa9f470fac
19.232680467488755,72.84384586457952,Resale,"2 BHK for sale,
hemalatha avevue","Hemalatha Avevue, Ashok Nagar, Vazira, Near Kanya Furni ...",Pre-verified,Loan Verified,1.8 Crores,Negotiable,"1,100",Sq.Ft,1.4 Lacs/Month,Estimated EMI,2 bedrooms,Marble/Granite,,Posted On,2 Baths,Marble/Granite,Immediately,Possession,0 Balconies,hemalatha avevue,Apartment,Age of the Building,>10 years old,Ownership Type,Self Owned,Maintenance Charges,2.4 per sq.ft/m,Flooring,Marble/Granite,Builtup Area,"1,100 sq.ft",Furnishing Status,Full,Facing,East,Floor,Floor 1 / 7,Flats in Building,0,Parking Available,Bike and Car,Power backup,"NA",Water Supply,Corporation,ff808181647529360164783d28700a54
19.156662800000007,72.93083254355122,Resale,"1 BHK for sale,
Independent House","Independent House, Gaon Devi Rd Milind Nagar, Near St. ...",Pre-verified,Loan Verified,25 Lacs,Negotiable,400,Sq.Ft,19.43 K/Month,Estimated EMI,1 bedrooms,Vitrified Tiles,,Posted On,1 Bath,Vitrified Tiles,Immediately,Possession,0 Balconies,Independent House,Independent House/Villa,Age of the Building,>10 years old,Ownership Type,Self Owned,Maintenance Charges,0.0 per sq.ft/m,Flooring,Vitrified Tiles,Builtup Area,400 sq.ft,Furnishing Status,Unfurnished,Facing,East,Floor,Floor 0 / 0,Flats in Building,0,Parking Available,Bike and Car,Power backup,"NA",Water Supply,Corporation,ff808181647529360164783ff1660c5d
19.09711649999999,72.91357340000002,Resale,"2 BHK for sale,
Damodar Park","Damodar Park, Lbs Marg, Damodar Park",Pre-verified,Loan Verified,1.25 Crores,Negotiable,750,Sq.Ft,97.17 K/Month,Estimated EMI,2 bedrooms,Marble/Granite,,Posted On,2 Baths,Marble/Granite,Immediately,Possession,0 Balconies,Damodar Park,Apartment,Age of the Building,>10 years old,Ownership Type,Self Owned,Maintenance Charges,4.7 per sq.ft/m,Flooring,Marble/Granite,Builtup Area,750 sq.ft,Furnishing Status,Full,Facing,East,Floor,Floor 9 / 13,Flats in Building,1,Parking Available,Car,Power backup,"NA",Water Supply,Both,ff8081816465b818016468aa9e5650b1
19.08450576653525,72.85237796864772,Resale,"1 BHK for sale,
Chwal","Chwal, Vakola,govdevi Road,near Rameshwar English Mediu ...",Pre-verified,Loan Verified,15 Lacs,Non-negotiable,360,Sq.Ft,11.66 K/Month,Estimated EMI,1 bedrooms,Cement,,Posted On,1 Bath,Cement,Immediately,Possession,0 Balconies,Chwal,Independent House/Villa,Age of the Building,>10 years old,Ownership Type,Self Owned,Maintenance Charges,0.0 per sq.ft/m,Flooring,Cement,Builtup Area,360 sq.ft,Furnishing Status,Unfurnished,Facing,East,Floor,Floor 0 / 0,Flats in Building,1,Parking Available,Bike,Power backup,"NA",Water Supply,Both,ff8081816459e61401645a75dd2e75f5
19.125778931689364,72.91696894477468,Resale,"4 BHK for sale,
Bhawani Heights","Bhawani Heights, Adi Shankaracharya Marg,near I.i.t. Ma ...",Pre-verified,Loan Verified,2.5 Lacs,Negotiable,"1,400",Sq.Ft,1.94 K/Month,Estimated EMI,4 bedrooms,Marble/Granite,,Posted On,3 Baths,Marble/Granite,Immediately,Possession,0 Balconies,Bhawani Heights,Apartment,Age of the Building,>10 years old,Ownership Type,Self Owned,Maintenance Charges,1.4 per sq.ft/m,Flooring,Marble/Granite,Builtup Area,"1,400 sq.ft",Furnishing Status,Full,Facing,North-East,Floor,Floor 4 / 13,Flats in Building,1,Parking Available,Bike and Car,Power backup,"NA",Water Supply,Both,ff80818164752936016475c8db573a31
19.09326674257626,72.91231611656758,Resale,"2 BHK for sale,
Sukh Shanti Niketan Soc","Sukh Shanti Niketan Soc Ltd, L B S Marg And Sainath Nag ...",Pre-verified,Loan Verified,1.65 Crores,Negotiable,660,Sq.Ft,1.28 Lacs/Month,Estimated EMI,2 bedrooms,Vitrified Tiles,,Posted On,2 Baths,Vitrified Tiles,Immediately,Possession,2 Balconies,Sukh Shanti Niketan,Apartment,Age of the Building,>10 years old,Ownership Type,Self Owned,Maintenance Charges,5.0 per sq.ft/m,Flooring,Vitrified Tiles,Builtup Area,660 sq.ft,Furnishing Status,Full,Facing,"NA",Floor,Floor 2 / 4,Flats in Building,0,Parking Available,Bike and Car,Power backup,"NA",Water Supply,Corporation,ff80818163fd9fda0164026120b42ac7
19.054855253312297,72.87139731779098,Resale,"1 BHK for sale,
sneha deep complex","Sneha Deep Complex, Chunabhatti,near Reliance Smart",Pre-verified,Loan Verified,1.15 Crores,Negotiable,550,Sq.Ft,89.39 K/Month,Estimated EMI,1 bedrooms,Vitrified Tiles,,Posted On,1 Bath,Vitrified Tiles,Immediately,Possession,0 Balconies,sneha deep complex,Apartment,Age of the Building,>10 years old,Ownership Type,Self Owned,Maintenance Charges,5.5 per sq.ft/m,Flooring,Vitrified Tiles,Builtup Area,550 sq.ft,Furnishing Status,Semi,Facing,North-West,Floor,Floor 2 / 7,Flats in Building,0,Parking Available,Bike and Car,Power backup,"NA",Water Supply,Corporation,ff80818163e34eea0163e361d5250d3b
19.177725,72.872126,Resale,"3 BHK for sale,
Riddhi Towers","Riddhi Towers, Malad East, Mumbai",Pre-verified,Loan Verified,2.05 Crores,Negotiable,"1,180",Sq.Ft,1.59 Lacs/Month,Estimated EMI,3 bedrooms,Vitrified Tiles,,Posted On,2 Baths,Vitrified Tiles,Immediately,Possession,2 Balconies,Riddhi Towers,Apartment,Age of the Building,5-10 years old,Ownership Type,Self Owned,Maintenance Charges,5.8 per sq.ft/m,Flooring,Vitrified Tiles,Builtup Area,"1,180 sq.ft",Furnishing Status,Semi,Facing,"NA",Floor,Floor 15 / 16,Flats in Building,0,Parking Available,Car,Power backup,"NA",Water Supply,Both,ff808181645f973001645ff45df84a7e
19.14024706786678,72.80933422209011,Resale,"1 BHK for sale,
Inlak spark","Inlak Spark, Yari Road,near Ganesh Mandir",Pre-verified,Loan Verified,1.05 Crores,Negotiable,470,Sq.Ft,81.62 K/Month,Estimated EMI,1 bedrooms,Vitrified Tiles,,Posted On,1 Bath,Vitrified Tiles,Immediately,Possession,2 Balconies,Inlak spark,Apartment,Age of the Building,>10 years old,Ownership Type,Self Owned,Maintenance Charges,2.6 per sq.ft/m,Flooring,Vitrified Tiles,Builtup Area,470 sq.ft,Furnishing Status,Semi,Facing,North,Floor,Floor 3 / 3,Flats in Building,0,Parking Available,Car,Power backup,"NA",Water Supply,Corporation,ff8081816459e61401645a2fb7e335dd
19.06963742050734,72.90053397427448,Resale,"1 BHK for sale,
undisclosed","Undisclosed, Tilak Nagar, Near Shoppers Stop",Pre-verified,Loan Verified,96 Lacs,Negotiable,560,Sq.Ft,74.62 K/Month,Estimated EMI,1 bedrooms,Vitrified Tiles,,Posted On,1 Bath,Vitrified Tiles,Immediately,Possession,2 Balconies,undisclosed,Apartment,Age of the Building,>10 years old,Ownership Type,Self Owned,Maintenance Charges,0.0 per sq.ft/m,Flooring,Vitrified Tiles,Builtup Area,560 sq.ft,Furnishing Status,Semi,Facing,East,Floor,Floor 1 / 5,Flats in Building,0,Parking Available,Bike and Car,Power backup,"NA",Water Supply,Corporation,ff808181647075bb016473204aa26092
19.0088759,72.85288190000006,Resale,"2 BHK for sale,
Naperol Tower Condominiu","Naperol Tower Condominium, Kidwai Nagar, Near Saima Gar ...",Pre-verified,Loan Verified,3.5 Crores,Negotiable,"1,170",Sq.Ft,2.72 Lacs/Month,Estimated EMI,2 bedrooms,Marble/Granite,,Posted On,2 Baths,Marble/Granite,Immediately,Possession,0 Balconies,Naperol Tower Condo,Apartment,Age of the Building,>10 years old,Ownership Type,Self Owned,Maintenance Charges,6.6 per sq.ft/m,Flooring,Marble/Granite,Builtup Area,"1,170 sq.ft",Furnishing Status,Semi,Facing,East,Floor,Floor 18 / 29,Flats in Building,0,Parking Available,Bike,Power backup,"NA",Water Supply,Corporation,ff80818162537f2d016258a123db2074
19.2126879,72.832554,Resale,"1 BHK for sale,
Gaurav Jamuna","Gaurav Jamuna, Plot No. 14, Gaurav Gardens, Mahavir Nag ...",Pre-verified,Loan Verified,85 Lacs,Negotiable,500,Sq.Ft,66.07 K/Month,Estimated EMI,1 bedrooms,Vitrified Tiles,,Posted On,1 Bath,Vitrified Tiles,Immediately,Possession,2 Balconies,Gaurav Jamuna,Apartment,Age of the Building,>10 years old,Ownership Type,Self Owned,Maintenance Charges,5.0 per sq.ft/m,Flooring,Vitrified Tiles,Builtup Area,500 sq.ft,Furnishing Status,Unfurnished,Facing,South,Floor,Floor 6 / 7,Flats in Building,0,Parking Available,Bike and Car,Power backup,"NA",Water Supply,Both,ff8081816459e61401645a86bb5f04bf
19.16581912451552,72.83639232268445,Resale,"1 BHK for sale,
Sethia Sea-View","Sethia Sea-view, Near To Sethia Green View,rd Number 2 ...",Pre-verified,Loan Verified,1.15 Crores,Negotiable,375,Sq.Ft,89.39 K/Month,Estimated EMI,1 bedrooms,Vitrified Tiles,,Posted On,2 Baths,Vitrified Tiles,Immediately,Possession,0 Balconies,Sethia Sea-View,Apartment,Age of the Building,Newly Constructed,Ownership Type,Self Owned,Maintenance Charges,16.0 per sq.ft/m,Flooring,Vitrified Tiles,Builtup Area,375 sq.ft,Furnishing Status,Unfurnished,Facing,East,Floor,Floor 18 / 20,Flats in Building,4,Parking Available,Car,Power backup,Full,Water Supply,Both,ff8081815fd9146d015fd968715a34c5
19.22245789,72.86042023,Resale,"1 BHK for sale,
The Discovery","The Discovery, Borivali (east), Mumbai",Pre-verified,Loan Verified,1.05 Crores,Negotiable,560,Sq.Ft,81.62 K/Month,Estimated EMI,1 bedrooms,Vitrified Tiles,,Posted On,1 Bath,Vitrified Tiles,Immediately,Possession,0 Balconies,The Discovery,Apartment,Age of the Building,>10 years old,Ownership Type,Self Owned,Maintenance Charges,4.5 per sq.ft/m,Flooring,Vitrified Tiles,Builtup Area,560 sq.ft,Furnishing Status,Unfurnished,Facing,North,Floor,Floor 1 / 7,Flats in Building,0,Parking Available,None,Power backup,"NA",Water Supply,Corporation,ff8081815e85428b015e856c0c0a166b
19.120104204511534,72.88041798037443,Resale,"1 RK for sale,
Sai Nagar CHS","Sai Nagar Chs, Marol Maroshi Road, Near Hotel Benzy Palace",Pre-verified,Loan Verified,45 Lacs,Negotiable,350,Sq.Ft,34.98 K/Month,Estimated EMI,1 bedrooms,Vitrified Tiles,,Posted On,1 Bath,Vitrified Tiles,Immediately,Possession,1 Balcony,Sai Nagar CHS,Independent House/Villa,Age of the Building,>10 years old,Ownership Type,Self Owned,Maintenance Charges,0.0 per sq.ft/m,Flooring,Vitrified Tiles,Builtup Area,350 sq.ft,Furnishing Status,Full,Facing,"NA",Floor,Floor 0 / 0,Flats in Building,1,Parking Available,Bike and Car,Power backup,Full,Water Supply,Corporation,ff80818164556f3e016456da81f06632
19.076278416044083,72.84780634316371,Resale,"2 BHK for sale,
GPRS Imperia Homes","Gprs Imperia Homes, Shivaji Nagar Rd Near Jeevan Seva Annex",Pre-verified,Loan Verified,2.6 Crores,Negotiable,695,Sq.Ft,2.02 Lacs/Month,Estimated EMI,2 bedrooms,Vitrified Tiles,,Posted On,2 Baths,Vitrified Tiles,01-Dec-2019,Possession,0 Balconies,GPRS Imperia Homes,Apartment,Age of the Building,Under Construction,Ownership Type,Self Owned,Maintenance Charges,0.0 per sq.ft/m,Flooring,Vitrified Tiles,Builtup Area,695 sq.ft,Furnishing Status,Unfurnished,Facing,East,Floor,Floor 0 / 10,Flats in Building,10,Parking Available,Car,Power backup,"NA",Water Supply,Corporation,ff80818164350f95016435caff6171c1
18.9677110285562,72.84232612394248,Resale,"1 BHK for sale,
Jasmine Apartment","Jasmine Apartment, Station Road Dockyard Near Mazgaon C ...",Pre-verified,Loan Verified,1.95 Crores,Negotiable,425,Sq.Ft,1.52 Lacs/Month,Estimated EMI,1 bedrooms,Cement,,Posted On,1 Bath,Cement,Immediately,Possession,0 Balconies,Jasmine Apartment,Apartment,Age of the Building,>10 years old,Ownership Type,Self Owned,Maintenance Charges,9.4 per sq.ft/m,Flooring,Cement,Builtup Area,425 sq.ft,Furnishing Status,Semi,Facing,"NA",Floor,Floor 0 / 8,Flats in Building,0,Parking Available,None,Power backup,Full,Water Supply,Corporation,ff80818163b1fc440163b4c1cedc6b93
19.0964325,72.89488140000003,Resale,"1 BHK for sale,
Samarth CHS","Samarth Chs, Andheri - Ghatkopar Rd,,near To Global Nur ...",Pre-verified,Loan Verified,38 Lacs,Negotiable,500,Sq.Ft,29.54 K/Month,Estimated EMI,1 bedrooms,Marble/Granite,,Posted On,2 Baths,Marble/Granite,Immediately,Possession,0 Balconies,Samarth CHS,Independent House/Villa,Age of the Building,>10 years old,Ownership Type,Self Owned,Maintenance Charges,0.2 per sq.ft/m,Flooring,Marble/Granite,Builtup Area,500 sq.ft,Furnishing Status,Unfurnished,Facing,East,Floor,Floor 0 / 1,Flats in Building,1,Parking Available,None,Power backup,"NA",Water Supply,Corporation,ff808181620eb4c6016214072e5a4a57
19.14449671704049,72.93405972883602,Resale,"1 BHK for sale,
Shivam Paradise","Shivam Paradise, Valmik Nagar, Near Bharat Co Operative ...",Pre-verified,Loan Verified,92 Lacs,Negotiable,590,Sq.Ft,71.51 K/Month,Estimated EMI,1 bedrooms,Marble/Granite,,Posted On,1 Bath,Marble/Granite,Immediately,Possession,0 Balconies,Shivam Paradise,Apartment,Age of the Building,>10 years old,Ownership Type,Self Owned,Maintenance Charges,5.3 per sq.ft/m,Flooring,Marble/Granite,Builtup Area,590 sq.ft,Furnishing Status,Unfurnished,Facing,South-East,Floor,Floor 6 / 11,Flats in Building,0,Parking Available,Bike,Power backup,"NA",Water Supply,Both,ff808181644b999a01644f6ac78a21a4
19.180595634183152,72.95627226805345,Resale,"1 RK for sale,
maruti apartment","Maruti Apartment, Tame Nagar Near Riddhi Siddhi Apts",Pre-verified,Loan Verified,60 Lacs,Negotiable,440,Sq.Ft,46.64 K/Month,Estimated EMI,1 bedrooms,Marble/Granite,,Posted On,1 Bath,Marble/Granite,Immediately,Possession,0 Balconies,maruti apartment,Apartment,Age of the Building,>10 years old,Ownership Type,Self Owned,Maintenance Charges,3.4 per sq.ft/m,Flooring,Marble/Granite,Builtup Area,440 sq.ft,Furnishing Status,Unfurnished,Facing,South,Floor,Floor 1 / 4,Flats in Building,48,Parking Available,None,Power backup,"NA",Water Supply,Corporation,ff808181644f715101644f795c240481
19.160398660795984,72.84019322760889,Resale,"1 RK for sale,
Independent House","Independent House, Siddharth Nagar, Goregaon West, Near ...",Pre-verified,Loan Verified,70 Lacs,Negotiable,225,Sq.Ft,54.41 K/Month,Estimated EMI,1 bedrooms,Vitrified Tiles,,Posted On,1 Bath,Vitrified Tiles,Immediately,Possession,1 Balcony,Independent House,Independent House/Villa,Age of the Building,>10 years old,Ownership Type,Self Owned,Maintenance Charges,2.7 per sq.ft/m,Flooring,Vitrified Tiles,Builtup Area,225 sq.ft,Furnishing Status,Semi,Facing,North,Floor,Floor 0 / 5,Flats in Building,0,Parking Available,Bike and Car,Power backup,"NA",Water Supply,Corporation,ff8081816441448b01644165d33e165e
19.136652615735702,72.93689805400197,Resale,"1 RK for sale,
independent house","Independent House, Rukmini Nagar,near Pavnadevi Society",Pre-verified,Loan Verified,25 Lacs,Negotiable,210,Sq.Ft,19.43 K/Month,Estimated EMI,1 bedrooms,Marble/Granite,,Posted On,1 Bath,Marble/Granite,Immediately,Possession,0 Balconies,independent house,Independent House/Villa,Age of the Building,>10 years old,Ownership Type,Self Owned,Maintenance Charges,0.0 per sq.ft/m,Flooring,Marble/Granite,Builtup Area,210 sq.ft,Furnishing Status,Unfurnished,Facing,East,Floor,Floor 0 / 0,Flats in Building,0,Parking Available,Bike,Power backup,"NA",Water Supply,Both,ff80818163ddd7b60163decae54527c4
19.173416909997265,72.83458909563137,Resale,"2 BHK for sale,
ankur raheja","Ankur Raheja, Link Rd Near Inorbit Mall",Pre-verified,Loan Verified,2.5 Crores,Non-negotiable,"1,050",Sq.Ft,1.94 Lacs/Month,Estimated EMI,2 bedrooms,Vitrified Tiles,,Posted On,2 Baths,Vitrified Tiles,Immediately,Possession,0 Balconies,ankur raheja,Apartment,Age of the Building,5-10 years old,Ownership Type,Self Owned,Maintenance Charges,4.6 per sq.ft/m,Flooring,Vitrified Tiles,Builtup Area,"1,050 sq.ft",Furnishing Status,Full,Facing,"NA",Floor,Floor 13 / 14,Flats in Building,0,Parking Available,Car,Power backup,"NA",Water Supply,"NA",ff808181644f763e016450abede16c46
19.087373153474093,72.91527430066378,Resale,"2 BHK for sale,
Bhagirath CHS","Bhagirath Chs, Pant Nagar Near Pant Nagar Police Statio ...",Pre-verified,Loan Verified,1.8 Crores,Negotiable,"1,015",Sq.Ft,1.4 Lacs/Month,Estimated EMI,2 bedrooms,"NA",,Posted On,2 Baths,"NA",Immediately,Possession,0 Balconies,Bhagirath CHS,Apartment,Age of the Building,5-10 years old,Ownership Type,Self Owned,Maintenance Charges,1.0 per sq.ft/m,Flooring,"NA",Builtup Area,"1,015 sq.ft",Furnishing Status,Full,Facing,West,Floor,Floor 4 / 7,Flats in Building,0,Parking Available,Bike and Car,Power backup,"NA",Water Supply,"NA",ff80818164556f3e0164558fc36e0b80
18.9809742,72.83106995,Resale,"3 BHK for sale,
GodrejPlanet","Godrejplanet, Mahalaxmi, Mumbai",Pre-verified,Loan Verified,8.75 Crores,Non-negotiable,"1,958",Sq.Ft,6.8 Lacs/Month,Estimated EMI,3 bedrooms,Marble/Granite,,Posted On,3 Baths,Marble/Granite,Immediately,Possession,1 Balcony,GodrejPlanet,Apartment,Age of the Building,5-10 years old,Ownership Type,Self Owned,Maintenance Charges,9.2 per sq.ft/m,Flooring,Marble/Granite,Builtup Area,"1,958 sq.ft",Furnishing Status,Semi,Facing,West,Floor,Floor 0 / 49,Flats in Building,0,Parking Available,Bike,Power backup,Full,Water Supply,Corporation,ff808181642e7779016431c75d1b1fe7
